2026-04-20 03:44:15,629 DEBUG asyncio: Using proactor: IocpProactor
2026-04-20 03:44:19,296 DEBUG asyncio: Using proactor: IocpProactor
2026-04-20 03:44:19,686 DEBUG yfinance: Entering _fetch_time_series()
2026-04-20 03:44:19,686 DEBUG yfinance:  Entering get()
2026-04-20 03:44:19,686 DEBUG yfinance:   Entering _make_request()
2026-04-20 03:44:19,687 DEBUG yfinance: url=https://query2.finance.yahoo.com/ws/fundamentals-timeseries/v1/finance/timeseries/MSFT?symbol=MSFT&type=annualTaxEffectOfUnusualItems,annualTaxRateForCalcs,annualNormalizedEBITDA,annualNormalizedDilut...
2026-04-20 03:44:19,687 DEBUG yfinance: params=None
2026-04-20 03:44:19,687 DEBUG yfinance:    Entering _get_cookie_and_crumb()
2026-04-20 03:44:19,687 DEBUG yfinance: cookie_mode = 'basic'
2026-04-20 03:44:19,688 DEBUG yfinance:     Entering _get_cookie_and_crumb_basic()
2026-04-20 03:44:19,688 DEBUG yfinance:      Entering _get_cookie_basic()
2026-04-20 03:44:19,688 DEBUG yfinance:       Entering _load_cookie_curlCffi()
2026-04-20 03:44:19,691 DEBUG peewee: ('CREATE TABLE IF NOT EXISTS "_cookieschema" ("strategy" VARCHAR(255) NOT NULL PRIMARY KEY, "fetch_date" DATETIME NOT NULL, "cookie_bytes" BLOB NOT NULL) WITHOUT ROWID', [])
2026-04-20 03:44:19,692 DEBUG peewee: ('SELECT "t1"."strategy", "t1"."fetch_date", "t1"."cookie_bytes" FROM "_cookieschema" AS "t1" WHERE ("t1"."strategy" = ?) LIMIT ? OFFSET ?', ['curlCffi', 1, 0])
2026-04-20 03:44:19,692 DEBUG yfinance:       Exiting _load_cookie_curlCffi()
2026-04-20 03:44:19,692 DEBUG yfinance: reusing persistent cookie
2026-04-20 03:44:19,692 DEBUG yfinance:      Exiting _get_cookie_basic()
2026-04-20 03:44:19,692 DEBUG yfinance:      Entering _get_crumb_basic()
2026-04-20 03:44:19,692 DEBUG yfinance:       Entering _get_cookie_basic()
2026-04-20 03:44:19,692 DEBUG yfinance: reusing cookie
2026-04-20 03:44:19,692 DEBUG yfinance:       Exiting _get_cookie_basic()
2026-04-20 03:44:19,701 INFO edgar.core: Identity of the Edgar REST client set to [Akshay Narkar akshaynarkar@gmail.com]
2026-04-20 03:44:19,702 INFO edgar.core: Identity of the Edgar REST client set to [Akshay Narkar akshaynarkar@gmail.com]
2026-04-20 03:44:19,703 INFO edgar.core: Identity of the Edgar REST client set to [Akshay Narkar akshaynarkar@gmail.com]
2026-04-20 03:44:19,846 DEBUG yfinance: crumb = 'wIg34j8KmKU'
2026-04-20 03:44:19,846 DEBUG yfinance:      Exiting _get_crumb_basic()
2026-04-20 03:44:19,846 DEBUG yfinance:     Exiting _get_cookie_and_crumb_basic()
2026-04-20 03:44:19,846 DEBUG yfinance:    Exiting _get_cookie_and_crumb()
2026-04-20 03:44:20,096 DEBUG yfinance: response code=200
2026-04-20 03:44:20,096 DEBUG yfinance:   Exiting _make_request()
2026-04-20 03:44:20,096 DEBUG yfinance:  Exiting get()
2026-04-20 03:44:20,107 DEBUG yfinance: Exiting _fetch_time_series()
2026-04-20 03:44:20,108 DEBUG yfinance: Entering _fetch_time_series()
2026-04-20 03:44:20,108 DEBUG yfinance:  Entering get()
2026-04-20 03:44:20,108 DEBUG yfinance:   Entering _make_request()
2026-04-20 03:44:20,108 DEBUG yfinance: url=https://query2.finance.yahoo.com/ws/fundamentals-timeseries/v1/finance/timeseries/MSFT?symbol=MSFT&type=annualTreasurySharesNumber,annualPreferredSharesNumber,annualOrdinarySharesNumber,annualShareIss...
2026-04-20 03:44:20,108 DEBUG yfinance: params=None
2026-04-20 03:44:20,108 DEBUG yfinance:    Entering _get_cookie_and_crumb()
2026-04-20 03:44:20,108 DEBUG yfinance: cookie_mode = 'basic'
2026-04-20 03:44:20,108 DEBUG yfinance:     Entering _get_cookie_and_crumb_basic()
2026-04-20 03:44:20,108 DEBUG yfinance:      Entering _get_cookie_basic()
2026-04-20 03:44:20,108 DEBUG yfinance: reusing cookie
2026-04-20 03:44:20,108 DEBUG yfinance:      Exiting _get_cookie_basic()
2026-04-20 03:44:20,108 DEBUG yfinance:      Entering _get_crumb_basic()
2026-04-20 03:44:20,108 DEBUG yfinance: reusing crumb
2026-04-20 03:44:20,108 DEBUG yfinance:      Exiting _get_crumb_basic()
2026-04-20 03:44:20,108 DEBUG yfinance:     Exiting _get_cookie_and_crumb_basic()
2026-04-20 03:44:20,108 DEBUG yfinance:    Exiting _get_cookie_and_crumb()
2026-04-20 03:44:20,170 DEBUG httpcore.connection: connect_tcp.started host='data.sec.gov' port=443 local_address=None timeout=5.0 socket_options=None
2026-04-20 03:44:20,171 DEBUG httpcore.connection: connect_tcp.started host='data.sec.gov' port=443 local_address=None timeout=5.0 socket_options=None
2026-04-20 03:44:20,171 DEBUG httpcore.connection: connect_tcp.started host='data.sec.gov' port=443 local_address=None timeout=5.0 socket_options=None
2026-04-20 03:44:20,227 DEBUG httpcore.connection: connect_tcp.complete return_value=<httpcore._backends.sync.SyncStream object at 0x00000191653B6900>
2026-04-20 03:44:20,227 DEBUG httpcore.connection: start_tls.started ssl_context=<ssl.SSLContext object at 0x00000191652B97F0> server_hostname='data.sec.gov' timeout=5.0
2026-04-20 03:44:20,249 DEBUG httpcore.connection: connect_tcp.complete return_value=<httpcore._backends.sync.SyncStream object at 0x00000191653039D0>
2026-04-20 03:44:20,249 DEBUG httpcore.connection: start_tls.started ssl_context=<ssl.SSLContext object at 0x00000191652B97F0> server_hostname='data.sec.gov' timeout=5.0
2026-04-20 03:44:20,249 DEBUG httpcore.connection: connect_tcp.complete return_value=<httpcore._backends.sync.SyncStream object at 0x00000191665C0A50>
2026-04-20 03:44:20,250 DEBUG httpcore.connection: start_tls.started ssl_context=<ssl.SSLContext object at 0x00000191652B97F0> server_hostname='data.sec.gov' timeout=5.0
2026-04-20 03:44:20,275 DEBUG httpcore.connection: start_tls.complete return_value=<httpcore._backends.sync.SyncStream object at 0x00000191652C2650>
2026-04-20 03:44:20,275 DEBUG httpcore.http11: send_request_headers.started request=<Request [b'GET']>
2026-04-20 03:44:20,275 DEBUG httpcore.http11: send_request_headers.complete
2026-04-20 03:44:20,275 DEBUG httpcore.http11: send_request_body.started request=<Request [b'GET']>
2026-04-20 03:44:20,276 DEBUG httpcore.http11: send_request_body.complete
2026-04-20 03:44:20,276 DEBUG httpcore.http11: receive_response_headers.started request=<Request [b'GET']>
2026-04-20 03:44:20,276 DEBUG httpcore.connection: start_tls.complete return_value=<httpcore._backends.sync.SyncStream object at 0x00000191652C2780>
2026-04-20 03:44:20,276 DEBUG httpcore.http11: send_request_headers.started request=<Request [b'GET']>
2026-04-20 03:44:20,276 DEBUG httpcore.http11: send_request_headers.complete
2026-04-20 03:44:20,276 DEBUG httpcore.http11: send_request_body.started request=<Request [b'GET']>
2026-04-20 03:44:20,276 DEBUG httpcore.http11: send_request_body.complete
2026-04-20 03:44:20,276 DEBUG httpcore.http11: receive_response_headers.started request=<Request [b'GET']>
2026-04-20 03:44:20,285 DEBUG httpcore.connection: start_tls.complete return_value=<httpcore._backends.sync.SyncStream object at 0x00000191653F0710>
2026-04-20 03:44:20,285 DEBUG httpcore.http11: send_request_headers.started request=<Request [b'GET']>
2026-04-20 03:44:20,285 DEBUG httpcore.http11: send_request_headers.complete
2026-04-20 03:44:20,285 DEBUG httpcore.http11: send_request_body.started request=<Request [b'GET']>
2026-04-20 03:44:20,286 DEBUG httpcore.http11: send_request_body.complete
2026-04-20 03:44:20,286 DEBUG httpcore.http11: receive_response_headers.started request=<Request [b'GET']>
2026-04-20 03:44:20,292 DEBUG yfinance: response code=200
2026-04-20 03:44:20,292 DEBUG yfinance:   Exiting _make_request()
2026-04-20 03:44:20,292 DEBUG yfinance:  Exiting get()
2026-04-20 03:44:20,316 DEBUG yfinance: Exiting _fetch_time_series()
2026-04-20 03:44:20,316 DEBUG yfinance: Entering _fetch_time_series()
2026-04-20 03:44:20,317 DEBUG yfinance:  Entering get()
2026-04-20 03:44:20,317 DEBUG yfinance:   Entering _make_request()
2026-04-20 03:44:20,317 DEBUG yfinance: url=https://query2.finance.yahoo.com/ws/fundamentals-timeseries/v1/finance/timeseries/MSFT?symbol=MSFT&type=annualForeignSales,annualDomesticSales,annualAdjustedGeographySegmentData,annualFreeCashFlow,ann...
2026-04-20 03:44:20,317 DEBUG yfinance: params=None
2026-04-20 03:44:20,317 DEBUG yfinance:    Entering _get_cookie_and_crumb()
2026-04-20 03:44:20,317 DEBUG yfinance: cookie_mode = 'basic'
2026-04-20 03:44:20,317 DEBUG yfinance:     Entering _get_cookie_and_crumb_basic()
2026-04-20 03:44:20,317 DEBUG yfinance:      Entering _get_cookie_basic()
2026-04-20 03:44:20,317 DEBUG yfinance: reusing cookie
2026-04-20 03:44:20,317 DEBUG yfinance:      Exiting _get_cookie_basic()
2026-04-20 03:44:20,317 DEBUG yfinance:      Entering _get_crumb_basic()
2026-04-20 03:44:20,317 DEBUG yfinance: reusing crumb
2026-04-20 03:44:20,317 DEBUG yfinance:      Exiting _get_crumb_basic()
2026-04-20 03:44:20,317 DEBUG yfinance:     Exiting _get_cookie_and_crumb_basic()
2026-04-20 03:44:20,317 DEBUG yfinance:    Exiting _get_cookie_and_crumb()
2026-04-20 03:44:20,416 DEBUG httpcore.http11: receive_response_headers.complete return_value=(b'HTTP/1.1', 200, b'OK', [(b'Content-Type', b'application/json'), (b'x-amzn-RequestId', b'440e5386-4b74-4425-9ad3-170364b647ae'), (b'Access-Control-Allow-Origin', b'*'), (b'x-amz-apigw-id', b'cHV8nFUdoAMEamg='), (b'X-Amzn-Trace-Id', b'Root=1-69e60383-45a2b3bf2e0fc18862b246a0'), (b'Vary', b'Accept-Encoding'), (b'Content-Encoding', b'gzip'), (b'Expires', b'Mon, 20 Apr 2026 10:44:19 GMT'), (b'Cache-Control', b'max-age=0, no-cache, no-store'), (b'Pragma', b'no-cache'), (b'Date', b'Mon, 20 Apr 2026 10:44:19 GMT'), (b'Content-Length', b'21057'), (b'Connection', b'keep-alive'), (b'Strict-Transport-Security', b'max-age=31536000 ; preload')])
2026-04-20 03:44:20,418 DEBUG filelock: Attempting to acquire lock 1723980281712 on C:\Users\aksha\.edgar\_tcache\data.sec.gov\submissions-CIK0000789019.json.lock
2026-04-20 03:44:20,418 DEBUG filelock: Lock 1723980281712 acquired on C:\Users\aksha\.edgar\_tcache\data.sec.gov\submissions-CIK0000789019.json.lock
2026-04-20 03:44:20,419 DEBUG httpcore.http11: receive_response_body.started request=<Request [b'GET']>
2026-04-20 03:44:20,419 DEBUG httpcore.http11: receive_response_body.complete
2026-04-20 03:44:20,419 DEBUG httpcore.http11: response_closed.started
2026-04-20 03:44:20,419 DEBUG httpcore.http11: response_closed.complete
2026-04-20 03:44:20,424 DEBUG httpcore.http11: receive_response_headers.complete return_value=(b'HTTP/1.1', 200, b'OK', [(b'Content-Type', b'application/json'), (b'x-amzn-RequestId', b'af0a4329-fd02-4ebf-aa9e-a8570820d76c'), (b'Access-Control-Allow-Origin', b'*'), (b'x-amz-apigw-id', b'cHV8nFMHoAMEDAA='), (b'X-Amzn-Trace-Id', b'Root=1-69e60383-2ee27145297712cd3d96d97f'), (b'Vary', b'Accept-Encoding'), (b'Content-Encoding', b'gzip'), (b'Expires', b'Mon, 20 Apr 2026 10:44:19 GMT'), (b'Cache-Control', b'max-age=0, no-cache, no-store'), (b'Pragma', b'no-cache'), (b'Date', b'Mon, 20 Apr 2026 10:44:19 GMT'), (b'Content-Length', b'21057'), (b'Connection', b'keep-alive'), (b'Strict-Transport-Security', b'max-age=31536000 ; preload')])
2026-04-20 03:44:20,425 DEBUG filelock: Attempting to acquire lock 1723999198160 on C:\Users\aksha\.edgar\_tcache\data.sec.gov\submissions-CIK0000789019.json.lock
2026-04-20 03:44:20,425 DEBUG filelock: Lock 1723999198160 not acquired on C:\Users\aksha\.edgar\_tcache\data.sec.gov\submissions-CIK0000789019.json.lock, waiting 0.05 seconds ...
2026-04-20 03:44:20,432 DEBUG filelock: Attempting to release lock 1723980281712 on C:\Users\aksha\.edgar\_tcache\data.sec.gov\submissions-CIK0000789019.json.lock
2026-04-20 03:44:20,433 DEBUG filelock: Lock 1723980281712 released on C:\Users\aksha\.edgar\_tcache\data.sec.gov\submissions-CIK0000789019.json.lock
2026-04-20 03:44:20,438 DEBUG yfinance: get_raw_json(): https://query2.finance.yahoo.com/v10/finance/quoteSummary/MSFT
2026-04-20 03:44:20,438 DEBUG yfinance: Entering get()
2026-04-20 03:44:20,438 DEBUG yfinance:  Entering _make_request()
2026-04-20 03:44:20,438 DEBUG yfinance: url=https://query2.finance.yahoo.com/v10/finance/quoteSummary/MSFT
2026-04-20 03:44:20,438 DEBUG yfinance: params={'modules': 'financialData,quoteType,defaultKeyStatistics,assetProfile,summaryDetail', 'corsDomain': 'finance.yahoo.com', 'formatted': 'false', 'symbol': 'MSFT'}
2026-04-20 03:44:20,438 DEBUG yfinance:   Entering _get_cookie_and_crumb()
2026-04-20 03:44:20,438 DEBUG yfinance: cookie_mode = 'basic'
2026-04-20 03:44:20,438 DEBUG yfinance:    Entering _get_cookie_and_crumb_basic()
2026-04-20 03:44:20,438 DEBUG yfinance:     Entering _get_cookie_basic()
2026-04-20 03:44:20,438 DEBUG yfinance: reusing cookie
2026-04-20 03:44:20,438 DEBUG yfinance:     Exiting _get_cookie_basic()
2026-04-20 03:44:20,438 DEBUG yfinance:     Entering _get_crumb_basic()
2026-04-20 03:44:20,438 DEBUG yfinance: reusing crumb
2026-04-20 03:44:20,438 DEBUG yfinance:     Exiting _get_crumb_basic()
2026-04-20 03:44:20,438 DEBUG yfinance:    Exiting _get_cookie_and_crumb_basic()
2026-04-20 03:44:20,438 DEBUG yfinance:   Exiting _get_cookie_and_crumb()
2026-04-20 03:44:20,447 DEBUG httpcore.http11: receive_response_headers.complete return_value=(b'HTTP/1.1', 200, b'OK', [(b'Content-Type', b'application/json'), (b'x-amzn-RequestId', b'1899d01f-36fb-4003-b1da-b1461b0aca10'), (b'Access-Control-Allow-Origin', b'*'), (b'x-amz-apigw-id', b'cHV8nGTDIAMERLA='), (b'X-Amzn-Trace-Id', b'Root=1-69e60383-67e24e9c2ced383e2b2ec21f'), (b'Vary', b'Accept-Encoding'), (b'Content-Encoding', b'gzip'), (b'Expires', b'Mon, 20 Apr 2026 10:44:19 GMT'), (b'Cache-Control', b'max-age=0, no-cache, no-store'), (b'Pragma', b'no-cache'), (b'Date', b'Mon, 20 Apr 2026 10:44:19 GMT'), (b'Content-Length', b'21057'), (b'Connection', b'keep-alive'), (b'Strict-Transport-Security', b'max-age=31536000 ; preload')])
2026-04-20 03:44:20,448 DEBUG filelock: Attempting to acquire lock 1723999202320 on C:\Users\aksha\.edgar\_tcache\data.sec.gov\submissions-CIK0000789019.json.lock
2026-04-20 03:44:20,449 DEBUG filelock: Lock 1723999202320 acquired on C:\Users\aksha\.edgar\_tcache\data.sec.gov\submissions-CIK0000789019.json.lock
2026-04-20 03:44:20,449 DEBUG httpcore.http11: receive_response_body.started request=<Request [b'GET']>
2026-04-20 03:44:20,454 DEBUG httpcore.http11: receive_response_body.complete
2026-04-20 03:44:20,454 DEBUG httpcore.http11: response_closed.started
2026-04-20 03:44:20,454 DEBUG httpcore.http11: response_closed.complete
2026-04-20 03:44:20,464 DEBUG filelock: Attempting to release lock 1723999202320 on C:\Users\aksha\.edgar\_tcache\data.sec.gov\submissions-CIK0000789019.json.lock
2026-04-20 03:44:20,465 DEBUG filelock: Lock 1723999202320 released on C:\Users\aksha\.edgar\_tcache\data.sec.gov\submissions-CIK0000789019.json.lock
2026-04-20 03:44:20,470 DEBUG httpcore.http11: send_request_headers.started request=<Request [b'GET']>
2026-04-20 03:44:20,470 DEBUG httpcore.http11: send_request_headers.complete
2026-04-20 03:44:20,470 DEBUG httpcore.http11: send_request_body.started request=<Request [b'GET']>
2026-04-20 03:44:20,470 DEBUG httpcore.http11: send_request_body.complete
2026-04-20 03:44:20,470 DEBUG httpcore.http11: receive_response_headers.started request=<Request [b'GET']>
2026-04-20 03:44:20,472 DEBUG yfinance: response code=200
2026-04-20 03:44:20,472 DEBUG yfinance:   Exiting _make_request()
2026-04-20 03:44:20,472 DEBUG yfinance:  Exiting get()
2026-04-20 03:44:20,488 DEBUG filelock: Attempting to acquire lock 1723999198160 on C:\Users\aksha\.edgar\_tcache\data.sec.gov\submissions-CIK0000789019.json.lock
2026-04-20 03:44:20,491 DEBUG yfinance: Exiting _fetch_time_series()
2026-04-20 03:44:20,491 DEBUG filelock: Lock 1723999198160 acquired on C:\Users\aksha\.edgar\_tcache\data.sec.gov\submissions-CIK0000789019.json.lock
2026-04-20 03:44:20,492 DEBUG yfinance: Entering _fetch_time_series()
2026-04-20 03:44:20,492 DEBUG yfinance:  Entering get()
2026-04-20 03:44:20,492 DEBUG yfinance:   Entering _make_request()
2026-04-20 03:44:20,492 DEBUG yfinance: url=https://query2.finance.yahoo.com/ws/fundamentals-timeseries/v1/finance/timeseries/MSFT?symbol=MSFT&type=quarterlyTaxEffectOfUnusualItems,quarterlyTaxRateForCalcs,quarterlyNormalizedEBITDA,quarterlyNor...
2026-04-20 03:44:20,492 DEBUG yfinance: params=None
2026-04-20 03:44:20,492 DEBUG yfinance:    Entering _get_cookie_and_crumb()
2026-04-20 03:44:20,492 DEBUG yfinance: cookie_mode = 'basic'
2026-04-20 03:44:20,492 DEBUG yfinance:     Entering _get_cookie_and_crumb_basic()
2026-04-20 03:44:20,492 DEBUG yfinance:      Entering _get_cookie_basic()
2026-04-20 03:44:20,492 DEBUG yfinance: reusing cookie
2026-04-20 03:44:20,492 DEBUG yfinance:      Exiting _get_cookie_basic()
2026-04-20 03:44:20,492 DEBUG yfinance:      Entering _get_crumb_basic()
2026-04-20 03:44:20,492 DEBUG yfinance: reusing crumb
2026-04-20 03:44:20,492 DEBUG yfinance:      Exiting _get_crumb_basic()
2026-04-20 03:44:20,492 DEBUG yfinance:     Exiting _get_cookie_and_crumb_basic()
2026-04-20 03:44:20,492 DEBUG yfinance:    Exiting _get_cookie_and_crumb()
2026-04-20 03:44:20,492 DEBUG httpcore.http11: receive_response_body.started request=<Request [b'GET']>
2026-04-20 03:44:20,493 DEBUG httpcore.http11: receive_response_body.complete
2026-04-20 03:44:20,493 DEBUG httpcore.http11: response_closed.started
2026-04-20 03:44:20,493 DEBUG httpcore.http11: response_closed.complete
2026-04-20 03:44:20,502 DEBUG filelock: Attempting to release lock 1723999198160 on C:\Users\aksha\.edgar\_tcache\data.sec.gov\submissions-CIK0000789019.json.lock
2026-04-20 03:44:20,502 DEBUG filelock: Lock 1723999198160 released on C:\Users\aksha\.edgar\_tcache\data.sec.gov\submissions-CIK0000789019.json.lock
2026-04-20 03:44:20,507 DEBUG httpcore.http11: send_request_headers.started request=<Request [b'GET']>
2026-04-20 03:44:20,508 DEBUG httpcore.http11: send_request_headers.complete
2026-04-20 03:44:20,508 DEBUG httpcore.http11: send_request_body.started request=<Request [b'GET']>
2026-04-20 03:44:20,508 DEBUG httpcore.http11: send_request_body.complete
2026-04-20 03:44:20,508 DEBUG httpcore.http11: receive_response_headers.started request=<Request [b'GET']>
2026-04-20 03:44:20,582 DEBUG yfinance: response code=200
2026-04-20 03:44:20,583 DEBUG yfinance:  Exiting _make_request()
2026-04-20 03:44:20,583 DEBUG yfinance: Exiting get()
2026-04-20 03:44:20,583 DEBUG yfinance: get_raw_json(): https://query1.finance.yahoo.com/v7/finance/quote?
2026-04-20 03:44:20,583 DEBUG yfinance: Entering get()
2026-04-20 03:44:20,583 DEBUG yfinance:  Entering _make_request()
2026-04-20 03:44:20,583 DEBUG yfinance: url=https://query1.finance.yahoo.com/v7/finance/quote?
2026-04-20 03:44:20,583 DEBUG yfinance: params={'symbols': 'MSFT', 'formatted': 'false'}
2026-04-20 03:44:20,583 DEBUG yfinance:   Entering _get_cookie_and_crumb()
2026-04-20 03:44:20,583 DEBUG yfinance: cookie_mode = 'basic'
2026-04-20 03:44:20,583 DEBUG yfinance:    Entering _get_cookie_and_crumb_basic()
2026-04-20 03:44:20,583 DEBUG yfinance:     Entering _get_cookie_basic()
2026-04-20 03:44:20,583 DEBUG yfinance: reusing cookie
2026-04-20 03:44:20,583 DEBUG yfinance:     Exiting _get_cookie_basic()
2026-04-20 03:44:20,583 DEBUG yfinance:     Entering _get_crumb_basic()
2026-04-20 03:44:20,583 DEBUG yfinance: reusing crumb
2026-04-20 03:44:20,583 DEBUG yfinance:     Exiting _get_crumb_basic()
2026-04-20 03:44:20,583 DEBUG yfinance:    Exiting _get_cookie_and_crumb_basic()
2026-04-20 03:44:20,583 DEBUG yfinance:   Exiting _get_cookie_and_crumb()
2026-04-20 03:44:20,625 DEBUG httpcore.http11: receive_response_headers.complete return_value=(b'HTTP/1.1', 200, b'OK', [(b'Content-Type', b'application/json'), (b'x-amzn-RequestId', b'2ec4c3e8-3bd0-4d4d-8b91-1ffdc2ad3895'), (b'Access-Control-Allow-Origin', b'*'), (b'x-amz-apigw-id', b'cHV8pF82IAMENxA='), (b'X-Amzn-Trace-Id', b'Root=1-69e60383-21b082e61a2f8fa542c1dfbf'), (b'Vary', b'Accept-Encoding'), (b'Content-Encoding', b'gzip'), (b'Expires', b'Mon, 20 Apr 2026 10:44:19 GMT'), (b'Cache-Control', b'max-age=0, no-cache, no-store'), (b'Pragma', b'no-cache'), (b'Date', b'Mon, 20 Apr 2026 10:44:19 GMT'), (b'Content-Length', b'38140'), (b'Connection', b'keep-alive'), (b'Strict-Transport-Security', b'max-age=31536000 ; preload')])
2026-04-20 03:44:20,627 DEBUG filelock: Attempting to acquire lock 1723998849792 on C:\Users\aksha\.edgar\_tcache\data.sec.gov\submissions-CIK0000789019-submissions-001.json.lock
2026-04-20 03:44:20,627 DEBUG filelock: Lock 1723998849792 acquired on C:\Users\aksha\.edgar\_tcache\data.sec.gov\submissions-CIK0000789019-submissions-001.json.lock
2026-04-20 03:44:20,628 DEBUG httpcore.http11: receive_response_body.started request=<Request [b'GET']>
2026-04-20 03:44:20,635 DEBUG httpcore.http11: receive_response_body.complete
2026-04-20 03:44:20,635 DEBUG httpcore.http11: response_closed.started
2026-04-20 03:44:20,635 DEBUG httpcore.http11: response_closed.complete
2026-04-20 03:44:20,646 DEBUG filelock: Attempting to release lock 1723998849792 on C:\Users\aksha\.edgar\_tcache\data.sec.gov\submissions-CIK0000789019-submissions-001.json.lock
2026-04-20 03:44:20,647 DEBUG filelock: Lock 1723998849792 released on C:\Users\aksha\.edgar\_tcache\data.sec.gov\submissions-CIK0000789019-submissions-001.json.lock
2026-04-20 03:44:20,654 DEBUG httpcore.http11: send_request_headers.started request=<Request [b'GET']>
2026-04-20 03:44:20,654 DEBUG httpcore.http11: send_request_headers.complete
2026-04-20 03:44:20,654 DEBUG httpcore.http11: send_request_body.started request=<Request [b'GET']>
2026-04-20 03:44:20,654 DEBUG httpcore.http11: send_request_body.complete
2026-04-20 03:44:20,654 DEBUG httpcore.http11: receive_response_headers.started request=<Request [b'GET']>
2026-04-20 03:44:20,665 DEBUG yfinance: response code=200
2026-04-20 03:44:20,665 DEBUG yfinance:   Exiting _make_request()
2026-04-20 03:44:20,665 DEBUG yfinance:  Exiting get()
2026-04-20 03:44:20,673 DEBUG yfinance: Exiting _fetch_time_series()
2026-04-20 03:44:20,674 DEBUG yfinance: Entering _fetch_time_series()
2026-04-20 03:44:20,674 DEBUG yfinance:  Entering get()
2026-04-20 03:44:20,674 DEBUG yfinance:   Entering _make_request()
2026-04-20 03:44:20,674 DEBUG yfinance: url=https://query2.finance.yahoo.com/ws/fundamentals-timeseries/v1/finance/timeseries/MSFT?symbol=MSFT&type=quarterlyTreasurySharesNumber,quarterlyPreferredSharesNumber,quarterlyOrdinarySharesNumber,quart...
2026-04-20 03:44:20,674 DEBUG yfinance: params=None
2026-04-20 03:44:20,674 DEBUG yfinance:    Entering _get_cookie_and_crumb()
2026-04-20 03:44:20,674 DEBUG yfinance: cookie_mode = 'basic'
2026-04-20 03:44:20,674 DEBUG yfinance:     Entering _get_cookie_and_crumb_basic()
2026-04-20 03:44:20,674 DEBUG yfinance:      Entering _get_cookie_basic()
2026-04-20 03:44:20,674 DEBUG yfinance: reusing cookie
2026-04-20 03:44:20,674 DEBUG yfinance:      Exiting _get_cookie_basic()
2026-04-20 03:44:20,674 DEBUG yfinance:      Entering _get_crumb_basic()
2026-04-20 03:44:20,674 DEBUG yfinance: reusing crumb
2026-04-20 03:44:20,675 DEBUG yfinance:      Exiting _get_crumb_basic()
2026-04-20 03:44:20,675 DEBUG yfinance:     Exiting _get_cookie_and_crumb_basic()
2026-04-20 03:44:20,675 DEBUG yfinance:    Exiting _get_cookie_and_crumb()
2026-04-20 03:44:20,709 DEBUG yfinance: response code=200
2026-04-20 03:44:20,710 DEBUG yfinance:  Exiting _make_request()
2026-04-20 03:44:20,710 DEBUG yfinance: Exiting get()
2026-04-20 03:44:20,711 DEBUG yfinance: Entering get()
2026-04-20 03:44:20,711 DEBUG yfinance:  Entering _make_request()
2026-04-20 03:44:20,711 DEBUG yfinance: url=https://query1.finance.yahoo.com/ws/fundamentals-timeseries/v1/finance/timeseries/MSFT?symbol=MSFT&type=trailingPegRatio&period1=1760918400&period2=1776729600
2026-04-20 03:44:20,711 DEBUG yfinance: params=None
2026-04-20 03:44:20,711 DEBUG yfinance:   Entering _get_cookie_and_crumb()
2026-04-20 03:44:20,711 DEBUG yfinance: cookie_mode = 'basic'
2026-04-20 03:44:20,711 DEBUG yfinance:    Entering _get_cookie_and_crumb_basic()
2026-04-20 03:44:20,711 DEBUG yfinance:     Entering _get_cookie_basic()
2026-04-20 03:44:20,711 DEBUG yfinance: reusing cookie
2026-04-20 03:44:20,711 DEBUG yfinance:     Exiting _get_cookie_basic()
2026-04-20 03:44:20,711 DEBUG yfinance:     Entering _get_crumb_basic()
2026-04-20 03:44:20,711 DEBUG yfinance: reusing crumb
2026-04-20 03:44:20,711 DEBUG yfinance:     Exiting _get_crumb_basic()
2026-04-20 03:44:20,711 DEBUG yfinance:    Exiting _get_cookie_and_crumb_basic()
2026-04-20 03:44:20,711 DEBUG yfinance:   Exiting _get_cookie_and_crumb()
2026-04-20 03:44:20,731 DEBUG httpcore.http11: receive_response_headers.complete return_value=(b'HTTP/1.1', 200, b'OK', [(b'Content-Type', b'application/json'), (b'x-amzn-RequestId', b'013604bb-e974-40f0-b122-9e369ce242c9'), (b'Access-Control-Allow-Origin', b'*'), (b'x-amz-apigw-id', b'cHV8pFF1oAMEeOw='), (b'X-Amzn-Trace-Id', b'Root=1-69e60383-417fc6603ed2e47519b42ab7'), (b'Vary', b'Accept-Encoding'), (b'Content-Encoding', b'gzip'), (b'Expires', b'Mon, 20 Apr 2026 10:44:19 GMT'), (b'Cache-Control', b'max-age=0, no-cache, no-store'), (b'Pragma', b'no-cache'), (b'Date', b'Mon, 20 Apr 2026 10:44:19 GMT'), (b'Content-Length', b'38140'), (b'Connection', b'keep-alive'), (b'Strict-Transport-Security', b'max-age=31536000 ; preload')])
2026-04-20 03:44:20,732 DEBUG filelock: Attempting to acquire lock 1723998850400 on C:\Users\aksha\.edgar\_tcache\data.sec.gov\submissions-CIK0000789019-submissions-001.json.lock
2026-04-20 03:44:20,733 DEBUG filelock: Lock 1723998850400 acquired on C:\Users\aksha\.edgar\_tcache\data.sec.gov\submissions-CIK0000789019-submissions-001.json.lock
2026-04-20 03:44:20,733 DEBUG httpcore.http11: receive_response_body.started request=<Request [b'GET']>
2026-04-20 03:44:20,741 DEBUG httpcore.http11: receive_response_body.complete
2026-04-20 03:44:20,741 DEBUG httpcore.http11: response_closed.started
2026-04-20 03:44:20,741 DEBUG httpcore.http11: response_closed.complete
2026-04-20 03:44:20,751 DEBUG filelock: Attempting to release lock 1723998850400 on C:\Users\aksha\.edgar\_tcache\data.sec.gov\submissions-CIK0000789019-submissions-001.json.lock
2026-04-20 03:44:20,751 DEBUG filelock: Lock 1723998850400 released on C:\Users\aksha\.edgar\_tcache\data.sec.gov\submissions-CIK0000789019-submissions-001.json.lock
2026-04-20 03:44:20,756 DEBUG httpcore.http11: send_request_headers.started request=<Request [b'GET']>
2026-04-20 03:44:20,756 DEBUG httpcore.http11: send_request_headers.complete
2026-04-20 03:44:20,757 DEBUG httpcore.http11: send_request_body.started request=<Request [b'GET']>
2026-04-20 03:44:20,757 DEBUG httpcore.http11: send_request_body.complete
2026-04-20 03:44:20,757 DEBUG httpcore.http11: receive_response_headers.started request=<Request [b'GET']>
2026-04-20 03:44:20,765 DEBUG yfinance: response code=200
2026-04-20 03:44:20,765 DEBUG yfinance:  Exiting _make_request()
2026-04-20 03:44:20,766 DEBUG yfinance: Exiting get()
2026-04-20 03:44:20,766 DEBUG yfinance: Entering history()
2026-04-20 03:44:20,768 DEBUG peewee: ('CREATE TABLE IF NOT EXISTS "_tz_kv" ("key" VARCHAR(255) NOT NULL PRIMARY KEY, "value" VARCHAR(255)) WITHOUT ROWID', [])
2026-04-20 03:44:20,768 DEBUG peewee: ('SELECT "t1"."key", "t1"."value" FROM "_tz_kv" AS "t1" WHERE ("t1"."key" = ?) LIMIT ? OFFSET ?', ['MSFT', 1, 0])
2026-04-20 03:44:20,809 DEBUG yfinance:  Entering history()
2026-04-20 03:44:20,810 DEBUG yfinance: MSFT: Yahoo GET parameters: {'range': '3mo', 'interval': '1d', 'includePrePost': False, 'events': 'div,splits,capitalGains'}
2026-04-20 03:44:20,810 DEBUG yfinance:   Entering get()
2026-04-20 03:44:20,810 DEBUG yfinance:    Entering _make_request()
2026-04-20 03:44:20,810 DEBUG yfinance: url=https://query2.finance.yahoo.com/v8/finance/chart/MSFT
2026-04-20 03:44:20,810 DEBUG yfinance: params={'range': '3mo', 'interval': '1d', 'includePrePost': False, 'events': 'div,splits,capitalGains'}
2026-04-20 03:44:20,810 DEBUG yfinance:     Entering _get_cookie_and_crumb()
2026-04-20 03:44:20,810 DEBUG yfinance: cookie_mode = 'basic'
2026-04-20 03:44:20,810 DEBUG yfinance:      Entering _get_cookie_and_crumb_basic()
2026-04-20 03:44:20,810 DEBUG yfinance:       Entering _get_cookie_basic()
2026-04-20 03:44:20,810 DEBUG yfinance: reusing cookie
2026-04-20 03:44:20,810 DEBUG yfinance:       Exiting _get_cookie_basic()
2026-04-20 03:44:20,810 DEBUG yfinance:       Entering _get_crumb_basic()
2026-04-20 03:44:20,810 DEBUG yfinance: reusing crumb
2026-04-20 03:44:20,810 DEBUG yfinance:       Exiting _get_crumb_basic()
2026-04-20 03:44:20,810 DEBUG yfinance:      Exiting _get_cookie_and_crumb_basic()
2026-04-20 03:44:20,810 DEBUG yfinance:     Exiting _get_cookie_and_crumb()
2026-04-20 03:44:20,834 DEBUG httpcore.http11: receive_response_headers.complete return_value=(b'HTTP/1.1', 200, b'OK', [(b'Content-Type', b'application/json'), (b'x-amzn-RequestId', b'f399faed-3f53-4b42-8a14-d39b0599acd1'), (b'Access-Control-Allow-Origin', b'*'), (b'x-amz-apigw-id', b'cHV8rHdAIAMEsFw='), (b'X-Amzn-Trace-Id', b'Root=1-69e60383-04b21d1c4f6712a06975c263'), (b'Vary', b'Accept-Encoding'), (b'Content-Encoding', b'gzip'), (b'Expires', b'Mon, 20 Apr 2026 10:44:20 GMT'), (b'Cache-Control', b'max-age=0, no-cache, no-store'), (b'Pragma', b'no-cache'), (b'Date', b'Mon, 20 Apr 2026 10:44:20 GMT'), (b'Content-Length', b'29410'), (b'Connection', b'keep-alive'), (b'Strict-Transport-Security', b'max-age=31536000 ; preload')])
2026-04-20 03:44:20,835 DEBUG filelock: Attempting to acquire lock 1723980522576 on C:\Users\aksha\.edgar\_tcache\data.sec.gov\submissions-CIK0000789019-submissions-002.json.lock
2026-04-20 03:44:20,836 DEBUG filelock: Lock 1723980522576 acquired on C:\Users\aksha\.edgar\_tcache\data.sec.gov\submissions-CIK0000789019-submissions-002.json.lock
2026-04-20 03:44:20,836 DEBUG httpcore.http11: receive_response_body.started request=<Request [b'GET']>
2026-04-20 03:44:20,836 DEBUG httpcore.http11: receive_response_body.complete
2026-04-20 03:44:20,836 DEBUG httpcore.http11: response_closed.started
2026-04-20 03:44:20,836 DEBUG httpcore.http11: response_closed.complete
2026-04-20 03:44:20,846 DEBUG filelock: Attempting to release lock 1723980522576 on C:\Users\aksha\.edgar\_tcache\data.sec.gov\submissions-CIK0000789019-submissions-002.json.lock
2026-04-20 03:44:20,847 DEBUG filelock: Lock 1723980522576 released on C:\Users\aksha\.edgar\_tcache\data.sec.gov\submissions-CIK0000789019-submissions-002.json.lock
2026-04-20 03:44:20,885 DEBUG yfinance: response code=200
2026-04-20 03:44:20,885 DEBUG yfinance:   Exiting _make_request()
2026-04-20 03:44:20,885 DEBUG yfinance:  Exiting get()
2026-04-20 03:44:20,908 DEBUG httpcore.http11: receive_response_headers.complete return_value=(b'HTTP/1.1', 200, b'OK', [(b'Content-Type', b'application/json'), (b'x-amzn-RequestId', b'30022a0b-5b2d-4cff-b6ab-bd28da6342a6'), (b'Access-Control-Allow-Origin', b'*'), (b'x-amz-apigw-id', b'cHV8sFhvoAMEplQ='), (b'X-Amzn-Trace-Id', b'Root=1-69e60384-2461f2f16865494558e79cdd'), (b'Vary', b'Accept-Encoding'), (b'Content-Encoding', b'gzip'), (b'Expires', b'Mon, 20 Apr 2026 10:44:20 GMT'), (b'Cache-Control', b'max-age=0, no-cache, no-store'), (b'Pragma', b'no-cache'), (b'Date', b'Mon, 20 Apr 2026 10:44:20 GMT'), (b'Content-Length', b'29410'), (b'Connection', b'keep-alive'), (b'Strict-Transport-Security', b'max-age=31536000 ; preload')])
2026-04-20 03:44:20,910 DEBUG filelock: Attempting to acquire lock 1724005625344 on C:\Users\aksha\.edgar\_tcache\data.sec.gov\submissions-CIK0000789019-submissions-002.json.lock
2026-04-20 03:44:20,911 DEBUG yfinance: Exiting _fetch_time_series()
2026-04-20 03:44:20,912 DEBUG yfinance: Entering _fetch_time_series()
2026-04-20 03:44:20,912 DEBUG yfinance:  Entering get()
2026-04-20 03:44:20,912 DEBUG yfinance:   Entering _make_request()
2026-04-20 03:44:20,912 DEBUG yfinance: url=https://query2.finance.yahoo.com/ws/fundamentals-timeseries/v1/finance/timeseries/MSFT?symbol=MSFT&type=quarterlyForeignSales,quarterlyDomesticSales,quarterlyAdjustedGeographySegmentData,quarterlyFree...
2026-04-20 03:44:20,912 DEBUG yfinance: params=None
2026-04-20 03:44:20,912 DEBUG yfinance:    Entering _get_cookie_and_crumb()
2026-04-20 03:44:20,912 DEBUG yfinance: cookie_mode = 'basic'
2026-04-20 03:44:20,913 DEBUG yfinance:     Entering _get_cookie_and_crumb_basic()
2026-04-20 03:44:20,913 DEBUG yfinance:      Entering _get_cookie_basic()
2026-04-20 03:44:20,913 DEBUG yfinance: reusing cookie
2026-04-20 03:44:20,913 DEBUG yfinance:      Exiting _get_cookie_basic()
2026-04-20 03:44:20,913 DEBUG yfinance:      Entering _get_crumb_basic()
2026-04-20 03:44:20,913 DEBUG yfinance: reusing crumb
2026-04-20 03:44:20,913 DEBUG yfinance:      Exiting _get_crumb_basic()
2026-04-20 03:44:20,913 DEBUG yfinance:     Exiting _get_cookie_and_crumb_basic()
2026-04-20 03:44:20,913 DEBUG yfinance:    Exiting _get_cookie_and_crumb()
2026-04-20 03:44:20,913 DEBUG yfinance: response code=200
2026-04-20 03:44:20,913 DEBUG yfinance:    Exiting _make_request()
2026-04-20 03:44:20,913 DEBUG yfinance:   Exiting get()
2026-04-20 03:44:20,912 DEBUG filelock: Lock 1724005625344 acquired on C:\Users\aksha\.edgar\_tcache\data.sec.gov\submissions-CIK0000789019-submissions-002.json.lock
2026-04-20 03:44:20,914 DEBUG yfinance: MSFT: yfinance received OHLC data: 2026-01-20 14:30:00 -> 2026-04-17 13:30:00
2026-04-20 03:44:20,915 DEBUG httpcore.http11: receive_response_body.started request=<Request [b'GET']>
2026-04-20 03:44:20,916 DEBUG httpcore.http11: receive_response_body.complete
2026-04-20 03:44:20,916 DEBUG httpcore.http11: response_closed.started
2026-04-20 03:44:20,916 DEBUG httpcore.http11: response_closed.complete
2026-04-20 03:44:20,921 DEBUG yfinance: MSFT: OHLC after cleaning: 2026-01-20 09:30:00-05:00 -> 2026-04-17 09:30:00-04:00
2026-04-20 03:44:20,926 DEBUG yfinance: MSFT: OHLC after combining events: 2026-01-20 00:00:00-05:00 -> 2026-04-17 00:00:00-04:00
2026-04-20 03:44:20,930 DEBUG filelock: Attempting to release lock 1724005625344 on C:\Users\aksha\.edgar\_tcache\data.sec.gov\submissions-CIK0000789019-submissions-002.json.lock
2026-04-20 03:44:20,931 DEBUG yfinance: MSFT: yfinance returning OHLC: 2026-01-20 00:00:00-05:00 -> 2026-04-17 00:00:00-04:00
2026-04-20 03:44:20,932 DEBUG yfinance:  Exiting history()
2026-04-20 03:44:20,932 DEBUG yfinance: Exiting history()
2026-04-20 03:44:20,933 DEBUG filelock: Lock 1724005625344 released on C:\Users\aksha\.edgar\_tcache\data.sec.gov\submissions-CIK0000789019-submissions-002.json.lock
2026-04-20 03:44:20,934 DEBUG yfinance: get_raw_json(): https://query2.finance.yahoo.com/v10/finance/quoteSummary/MSFT
2026-04-20 03:44:20,934 DEBUG yfinance: Entering get()
2026-04-20 03:44:20,934 DEBUG yfinance:  Entering _make_request()
2026-04-20 03:44:20,934 DEBUG yfinance: url=https://query2.finance.yahoo.com/v10/finance/quoteSummary/MSFT
2026-04-20 03:44:20,934 DEBUG yfinance: params={'modules': 'financialData,quoteType,defaultKeyStatistics,assetProfile,summaryDetail', 'corsDomain': 'finance.yahoo.com', 'formatted': 'false', 'symbol': 'MSFT'}
2026-04-20 03:44:20,934 DEBUG yfinance:   Entering _get_cookie_and_crumb()
2026-04-20 03:44:20,934 DEBUG yfinance: cookie_mode = 'basic'
2026-04-20 03:44:20,934 DEBUG yfinance:    Entering _get_cookie_and_crumb_basic()
2026-04-20 03:44:20,934 DEBUG yfinance:     Entering _get_cookie_basic()
2026-04-20 03:44:20,934 DEBUG yfinance: reusing cookie
2026-04-20 03:44:20,934 DEBUG yfinance:     Exiting _get_cookie_basic()
2026-04-20 03:44:20,934 DEBUG yfinance:     Entering _get_crumb_basic()
2026-04-20 03:44:20,934 DEBUG yfinance: reusing crumb
2026-04-20 03:44:20,934 DEBUG yfinance:     Exiting _get_crumb_basic()
2026-04-20 03:44:20,935 DEBUG yfinance:    Exiting _get_cookie_and_crumb_basic()
2026-04-20 03:44:20,935 DEBUG yfinance:   Exiting _get_cookie_and_crumb()
2026-04-20 03:44:20,940 DEBUG orca: form4 filing parse error: '<' not supported between instances of 'datetime.date' and 'datetime.datetime'
2026-04-20 03:44:20,940 DEBUG orca: form4 filing parse error: '<' not supported between instances of 'datetime.date' and 'datetime.datetime'
2026-04-20 03:44:20,940 DEBUG orca: form4 filing parse error: '<' not supported between instances of 'datetime.date' and 'datetime.datetime'
2026-04-20 03:44:20,941 DEBUG orca: form4 filing parse error: '<' not supported between instances of 'datetime.date' and 'datetime.datetime'
2026-04-20 03:44:20,941 DEBUG orca: form4 filing parse error: '<' not supported between instances of 'datetime.date' and 'datetime.datetime'
2026-04-20 03:44:20,941 DEBUG orca: form4 filing parse error: '<' not supported between instances of 'datetime.date' and 'datetime.datetime'
2026-04-20 03:44:20,941 DEBUG orca: form4 filing parse error: '<' not supported between instances of 'datetime.date' and 'datetime.datetime'
2026-04-20 03:44:20,941 DEBUG orca: form4 filing parse error: '<' not supported between instances of 'datetime.date' and 'datetime.datetime'
2026-04-20 03:44:20,941 DEBUG orca: form4 filing parse error: '<' not supported between instances of 'datetime.date' and 'datetime.datetime'
2026-04-20 03:44:20,941 DEBUG orca: form4 filing parse error: '<' not supported between instances of 'datetime.date' and 'datetime.datetime'
2026-04-20 03:44:20,941 DEBUG orca: form4 filing parse error: '<' not supported between instances of 'datetime.date' and 'datetime.datetime'
2026-04-20 03:44:20,941 DEBUG orca: form4 filing parse error: '<' not supported between instances of 'datetime.date' and 'datetime.datetime'
2026-04-20 03:44:20,941 DEBUG orca: form4 filing parse error: '<' not supported between instances of 'datetime.date' and 'datetime.datetime'
2026-04-20 03:44:20,941 DEBUG orca: form4 filing parse error: '<' not supported between instances of 'datetime.date' and 'datetime.datetime'
2026-04-20 03:44:20,941 DEBUG orca: form4 filing parse error: '<' not supported between instances of 'datetime.date' and 'datetime.datetime'
2026-04-20 03:44:20,941 DEBUG orca: form4 filing parse error: '<' not supported between instances of 'datetime.date' and 'datetime.datetime'
2026-04-20 03:44:20,947 DEBUG orca: form4 filing parse error: '<' not supported between instances of 'datetime.date' and 'datetime.datetime'
2026-04-20 03:44:20,947 DEBUG orca: form4 filing parse error: '<' not supported between instances of 'datetime.date' and 'datetime.datetime'
2026-04-20 03:44:20,947 DEBUG orca: form4 filing parse error: '<' not supported between instances of 'datetime.date' and 'datetime.datetime'
2026-04-20 03:44:20,947 DEBUG orca: form4 filing parse error: '<' not supported between instances of 'datetime.date' and 'datetime.datetime'
2026-04-20 03:44:20,947 DEBUG orca: form4 filing parse error: '<' not supported between instances of 'datetime.date' and 'datetime.datetime'
2026-04-20 03:44:20,947 DEBUG orca: form4 filing parse error: '<' not supported between instances of 'datetime.date' and 'datetime.datetime'
2026-04-20 03:44:20,947 DEBUG orca: form4 filing parse error: '<' not supported between instances of 'datetime.date' and 'datetime.datetime'
2026-04-20 03:44:20,947 DEBUG orca: form4 filing parse error: '<' not supported between instances of 'datetime.date' and 'datetime.datetime'
2026-04-20 03:44:20,947 DEBUG orca: form4 filing parse error: '<' not supported between instances of 'datetime.date' and 'datetime.datetime'
2026-04-20 03:44:20,947 DEBUG orca: form4 filing parse error: '<' not supported between instances of 'datetime.date' and 'datetime.datetime'
2026-04-20 03:44:20,947 DEBUG orca: form4 filing parse error: '<' not supported between instances of 'datetime.date' and 'datetime.datetime'
2026-04-20 03:44:20,947 DEBUG orca: form4 filing parse error: '<' not supported between instances of 'datetime.date' and 'datetime.datetime'
2026-04-20 03:44:20,947 DEBUG orca: form4 filing parse error: '<' not supported between instances of 'datetime.date' and 'datetime.datetime'
2026-04-20 03:44:20,947 DEBUG orca: form4 filing parse error: '<' not supported between instances of 'datetime.date' and 'datetime.datetime'
2026-04-20 03:44:20,947 DEBUG orca: form4 filing parse error: '<' not supported between instances of 'datetime.date' and 'datetime.datetime'
2026-04-20 03:44:20,947 DEBUG orca: form4 filing parse error: '<' not supported between instances of 'datetime.date' and 'datetime.datetime'
2026-04-20 03:44:20,947 DEBUG orca: form4 filing parse error: '<' not supported between instances of 'datetime.date' and 'datetime.datetime'
2026-04-20 03:44:20,947 DEBUG orca: form4 filing parse error: '<' not supported between instances of 'datetime.date' and 'datetime.datetime'
2026-04-20 03:44:20,947 DEBUG orca: form4 filing parse error: '<' not supported between instances of 'datetime.date' and 'datetime.datetime'
2026-04-20 03:44:20,947 DEBUG orca: form4 filing parse error: '<' not supported between instances of 'datetime.date' and 'datetime.datetime'
2026-04-20 03:44:20,947 DEBUG orca: form4 filing parse error: '<' not supported between instances of 'datetime.date' and 'datetime.datetime'
2026-04-20 03:44:20,947 DEBUG orca: form4 filing parse error: '<' not supported between instances of 'datetime.date' and 'datetime.datetime'
2026-04-20 03:44:20,948 DEBUG orca: form4 filing parse error: '<' not supported between instances of 'datetime.date' and 'datetime.datetime'
2026-04-20 03:44:20,948 DEBUG orca: form4 filing parse error: '<' not supported between instances of 'datetime.date' and 'datetime.datetime'
2026-04-20 03:44:20,948 DEBUG yfinance: Entering history()
2026-04-20 03:44:20,948 DEBUG peewee: ('SELECT "t1"."key", "t1"."value" FROM "_tz_kv" AS "t1" WHERE ("t1"."key" = ?) LIMIT ? OFFSET ?', ['MSFT', 1, 0])
2026-04-20 03:44:20,948 DEBUG httpcore.connection: connect_tcp.started host='www.sec.gov' port=443 local_address=None timeout=5.0 socket_options=None
2026-04-20 03:44:20,951 DEBUG yfinance:  Entering history()
2026-04-20 03:44:20,951 DEBUG yfinance: MSFT: Yahoo GET parameters: {'range': '1y', 'interval': '1d', 'includePrePost': False, 'events': 'div,splits,capitalGains'}
2026-04-20 03:44:20,951 DEBUG yfinance:   Entering get()
2026-04-20 03:44:20,951 DEBUG yfinance:    Entering _make_request()
2026-04-20 03:44:20,952 DEBUG yfinance: url=https://query2.finance.yahoo.com/v8/finance/chart/MSFT
2026-04-20 03:44:20,952 DEBUG yfinance: params={'range': '1y', 'interval': '1d', 'includePrePost': False, 'events': 'div,splits,capitalGains'}
2026-04-20 03:44:20,952 DEBUG yfinance:     Entering _get_cookie_and_crumb()
2026-04-20 03:44:20,952 DEBUG yfinance: cookie_mode = 'basic'
2026-04-20 03:44:20,952 DEBUG yfinance:      Entering _get_cookie_and_crumb_basic()
2026-04-20 03:44:20,952 DEBUG yfinance:       Entering _get_cookie_basic()
2026-04-20 03:44:20,952 DEBUG yfinance: reusing cookie
2026-04-20 03:44:20,952 DEBUG yfinance:       Exiting _get_cookie_basic()
2026-04-20 03:44:20,952 DEBUG yfinance:       Entering _get_crumb_basic()
2026-04-20 03:44:20,952 DEBUG yfinance: reusing crumb
2026-04-20 03:44:20,952 DEBUG yfinance:       Exiting _get_crumb_basic()
2026-04-20 03:44:20,952 DEBUG yfinance:      Exiting _get_cookie_and_crumb_basic()
2026-04-20 03:44:20,952 DEBUG yfinance:     Exiting _get_cookie_and_crumb()
2026-04-20 03:44:20,968 DEBUG yfinance: response code=200
2026-04-20 03:44:20,968 DEBUG yfinance:  Exiting _make_request()
2026-04-20 03:44:20,968 DEBUG yfinance: Exiting get()
2026-04-20 03:44:20,969 DEBUG yfinance: get_raw_json(): https://query1.finance.yahoo.com/v7/finance/quote?
2026-04-20 03:44:20,969 DEBUG yfinance: Entering get()
2026-04-20 03:44:20,969 DEBUG yfinance:  Entering _make_request()
2026-04-20 03:44:20,969 DEBUG yfinance: url=https://query1.finance.yahoo.com/v7/finance/quote?
2026-04-20 03:44:20,969 DEBUG yfinance: params={'symbols': 'MSFT', 'formatted': 'false'}
2026-04-20 03:44:20,969 DEBUG yfinance:   Entering _get_cookie_and_crumb()
2026-04-20 03:44:20,969 DEBUG yfinance: cookie_mode = 'basic'
2026-04-20 03:44:20,969 DEBUG yfinance:    Entering _get_cookie_and_crumb_basic()
2026-04-20 03:44:20,969 DEBUG yfinance:     Entering _get_cookie_basic()
2026-04-20 03:44:20,969 DEBUG yfinance: reusing cookie
2026-04-20 03:44:20,969 DEBUG yfinance:     Exiting _get_cookie_basic()
2026-04-20 03:44:20,969 DEBUG yfinance:     Entering _get_crumb_basic()
2026-04-20 03:44:20,969 DEBUG yfinance: reusing crumb
2026-04-20 03:44:20,969 DEBUG yfinance:     Exiting _get_crumb_basic()
2026-04-20 03:44:20,969 DEBUG yfinance:    Exiting _get_cookie_and_crumb_basic()
2026-04-20 03:44:20,969 DEBUG yfinance:   Exiting _get_cookie_and_crumb()
2026-04-20 03:44:20,994 DEBUG yfinance: response code=200
2026-04-20 03:44:20,994 DEBUG yfinance:  Exiting _make_request()
2026-04-20 03:44:20,994 DEBUG yfinance: Exiting get()
2026-04-20 03:44:20,995 DEBUG yfinance: Entering history()
2026-04-20 03:44:20,995 DEBUG peewee: ('SELECT "t1"."key", "t1"."value" FROM "_tz_kv" AS "t1" WHERE ("t1"."key" = ?) LIMIT ? OFFSET ?', ['MSFT', 1, 0])
2026-04-20 03:44:20,995 DEBUG yfinance:  Entering history()
2026-04-20 03:44:20,995 DEBUG yfinance: MSFT: Yahoo GET parameters: {'range': '1y', 'interval': '1d', 'includePrePost': False, 'events': 'div,splits,capitalGains'}
2026-04-20 03:44:20,995 DEBUG yfinance:   Entering get()
2026-04-20 03:44:20,995 DEBUG yfinance:    Entering _make_request()
2026-04-20 03:44:20,995 DEBUG yfinance: url=https://query2.finance.yahoo.com/v8/finance/chart/MSFT
2026-04-20 03:44:20,995 DEBUG yfinance: params={'range': '1y', 'interval': '1d', 'includePrePost': False, 'events': 'div,splits,capitalGains'}
2026-04-20 03:44:20,995 DEBUG yfinance:     Entering _get_cookie_and_crumb()
2026-04-20 03:44:20,995 DEBUG yfinance: cookie_mode = 'basic'
2026-04-20 03:44:20,995 DEBUG yfinance:      Entering _get_cookie_and_crumb_basic()
2026-04-20 03:44:20,995 DEBUG yfinance:       Entering _get_cookie_basic()
2026-04-20 03:44:20,995 DEBUG yfinance: reusing cookie
2026-04-20 03:44:20,996 DEBUG yfinance:       Exiting _get_cookie_basic()
2026-04-20 03:44:20,996 DEBUG yfinance:       Entering _get_crumb_basic()
2026-04-20 03:44:20,996 DEBUG yfinance: reusing crumb
2026-04-20 03:44:20,996 DEBUG yfinance:       Exiting _get_crumb_basic()
2026-04-20 03:44:20,996 DEBUG yfinance:      Exiting _get_cookie_and_crumb_basic()
2026-04-20 03:44:20,996 DEBUG yfinance:     Exiting _get_cookie_and_crumb()
2026-04-20 03:44:21,023 DEBUG httpcore.connection: connect_tcp.complete return_value=<httpcore._backends.sync.SyncStream object at 0x0000019166AC8160>
2026-04-20 03:44:21,023 DEBUG httpcore.connection: start_tls.started ssl_context=<ssl.SSLContext object at 0x00000191652B97F0> server_hostname='www.sec.gov' timeout=5.0
2026-04-20 03:44:21,057 DEBUG httpcore.connection: start_tls.complete return_value=<httpcore._backends.sync.SyncStream object at 0x0000019166AC8380>
2026-04-20 03:44:21,057 DEBUG httpcore.http11: send_request_headers.started request=<Request [b'GET']>
2026-04-20 03:44:21,057 DEBUG httpcore.http11: send_request_headers.complete
2026-04-20 03:44:21,057 DEBUG httpcore.http11: send_request_body.started request=<Request [b'GET']>
2026-04-20 03:44:21,057 DEBUG httpcore.http11: send_request_body.complete
2026-04-20 03:44:21,057 DEBUG httpcore.http11: receive_response_headers.started request=<Request [b'GET']>
2026-04-20 03:44:21,058 DEBUG yfinance: response code=200
2026-04-20 03:44:21,058 DEBUG yfinance:   Exiting _make_request()
2026-04-20 03:44:21,058 DEBUG yfinance:  Exiting get()
2026-04-20 03:44:21,077 DEBUG yfinance: Exiting _fetch_time_series()
2026-04-20 03:44:21,077 DEBUG yfinance: Entering history()
2026-04-20 03:44:21,078 DEBUG peewee: ('SELECT "t1"."key", "t1"."value" FROM "_tz_kv" AS "t1" WHERE ("t1"."key" = ?) LIMIT ? OFFSET ?', ['MSFT', 1, 0])
2026-04-20 03:44:21,079 DEBUG yfinance:  Entering history()
2026-04-20 03:44:21,079 DEBUG yfinance: MSFT: Yahoo GET parameters: {'range': '2mo', 'interval': '1d', 'includePrePost': False, 'events': 'div,splits,capitalGains'}
2026-04-20 03:44:21,079 DEBUG yfinance:   Entering get()
2026-04-20 03:44:21,079 DEBUG yfinance:    Entering _make_request()
2026-04-20 03:44:21,079 DEBUG yfinance: url=https://query2.finance.yahoo.com/v8/finance/chart/MSFT
2026-04-20 03:44:21,079 DEBUG yfinance: params={'range': '2mo', 'interval': '1d', 'includePrePost': False, 'events': 'div,splits,capitalGains'}
2026-04-20 03:44:21,079 DEBUG yfinance:     Entering _get_cookie_and_crumb()
2026-04-20 03:44:21,079 DEBUG yfinance: cookie_mode = 'basic'
2026-04-20 03:44:21,079 DEBUG yfinance:      Entering _get_cookie_and_crumb_basic()
2026-04-20 03:44:21,079 DEBUG yfinance:       Entering _get_cookie_basic()
2026-04-20 03:44:21,079 DEBUG yfinance: reusing cookie
2026-04-20 03:44:21,079 DEBUG yfinance:       Exiting _get_cookie_basic()
2026-04-20 03:44:21,079 DEBUG yfinance:       Entering _get_crumb_basic()
2026-04-20 03:44:21,079 DEBUG yfinance: reusing crumb
2026-04-20 03:44:21,079 DEBUG yfinance:       Exiting _get_crumb_basic()
2026-04-20 03:44:21,079 DEBUG yfinance:      Exiting _get_cookie_and_crumb_basic()
2026-04-20 03:44:21,079 DEBUG yfinance:     Exiting _get_cookie_and_crumb()
2026-04-20 03:44:21,088 DEBUG yfinance: response code=200
2026-04-20 03:44:21,088 DEBUG yfinance:    Exiting _make_request()
2026-04-20 03:44:21,088 DEBUG yfinance:   Exiting get()
2026-04-20 03:44:21,090 DEBUG yfinance: MSFT: yfinance received OHLC data: 2025-04-21 13:30:00 -> 2026-04-17 13:30:00
2026-04-20 03:44:21,091 DEBUG yfinance: MSFT: OHLC after cleaning: 2025-04-21 09:30:00-04:00 -> 2026-04-17 09:30:00-04:00
2026-04-20 03:44:21,095 DEBUG yfinance: MSFT: OHLC after combining events: 2025-04-21 00:00:00-04:00 -> 2026-04-17 00:00:00-04:00
2026-04-20 03:44:21,095 DEBUG yfinance: MSFT: yfinance returning OHLC: 2025-04-21 00:00:00-04:00 -> 2026-04-17 00:00:00-04:00
2026-04-20 03:44:21,095 DEBUG yfinance:  Exiting history()
2026-04-20 03:44:21,095 DEBUG yfinance: Exiting history()
2026-04-20 03:44:21,095 DEBUG yfinance: Entering history()
2026-04-20 03:44:21,095 DEBUG yfinance: MSFT: Yahoo GET parameters: {'range': '5d', 'interval': '1h', 'includePrePost': True, 'events': 'div,splits,capitalGains'}
2026-04-20 03:44:21,095 DEBUG yfinance:  Entering get()
2026-04-20 03:44:21,095 DEBUG yfinance:   Entering _make_request()
2026-04-20 03:44:21,095 DEBUG yfinance: url=https://query2.finance.yahoo.com/v8/finance/chart/MSFT
2026-04-20 03:44:21,095 DEBUG yfinance: params={'range': '5d', 'interval': '1h', 'includePrePost': True, 'events': 'div,splits,capitalGains'}
2026-04-20 03:44:21,095 DEBUG yfinance:    Entering _get_cookie_and_crumb()
2026-04-20 03:44:21,095 DEBUG yfinance: cookie_mode = 'basic'
2026-04-20 03:44:21,095 DEBUG yfinance:     Entering _get_cookie_and_crumb_basic()
2026-04-20 03:44:21,095 DEBUG yfinance:      Entering _get_cookie_basic()
2026-04-20 03:44:21,095 DEBUG yfinance: reusing cookie
2026-04-20 03:44:21,095 DEBUG yfinance:      Exiting _get_cookie_basic()
2026-04-20 03:44:21,095 DEBUG yfinance:      Entering _get_crumb_basic()
2026-04-20 03:44:21,095 DEBUG yfinance: reusing crumb
2026-04-20 03:44:21,095 DEBUG yfinance:      Exiting _get_crumb_basic()
2026-04-20 03:44:21,096 DEBUG yfinance:     Exiting _get_cookie_and_crumb_basic()
2026-04-20 03:44:21,096 DEBUG yfinance:    Exiting _get_cookie_and_crumb()
2026-04-20 03:44:21,100 DEBUG httpcore.http11: receive_response_headers.complete return_value=(b'HTTP/1.1', 200, b'OK', [(b'Content-Type', b'text/plain'), (b'X-Frame-Options', b'SAMEORIGIN'), (b'x-amz-id-2', b'2/lurE8hMBCP2wcPrI5S9ToOBGqLeMPXTXvFtrSAxPZ193eH61kIswyfjg+uI9LObcOjMP29TMw='), (b'x-amz-request-id', b'K5C0CBE6XGQJDKZW'), (b'x-amz-replication-status', b'COMPLETED'), (b'Last-Modified', b'Wed, 28 Jan 2026 21:05:13 GMT'), (b'ETag', b'"963672d635da7c7433d3cd4e3f7c8106-gzip"'), (b'x-amz-server-side-encryption', b'AES256'), (b'x-amz-meta-mode', b'33188'), (b'x-amz-version-id', b'bwe2CRrRMLoM5zxclggrPKJ6ZL6oh3vB'), (b'Accept-Ranges', b'bytes'), (b'Content-Encoding', b'gzip'), (b'X-Content-Type-Options', b'nosniff'), (b'X-XSS-Protection', b'1; mode=block'), (b'Content-Length', b'83944'), (b'Date', b'Mon, 20 Apr 2026 10:44:20 GMT'), (b'Connection', b'keep-alive'), (b'Vary', b'Accept-Encoding'), (b'Strict-Transport-Security', b'max-age=31536000 ; includeSubDomains ; preload')])
2026-04-20 03:44:21,102 DEBUG filelock: Attempting to acquire lock 1724004469488 on C:\Users\aksha\.edgar\_tcache\www.sec.gov\Archives-edgar-data-789019-000119312526027198-0001193125-26-027198.txt.lock
2026-04-20 03:44:21,103 DEBUG filelock: Lock 1724004469488 acquired on C:\Users\aksha\.edgar\_tcache\www.sec.gov\Archives-edgar-data-789019-000119312526027198-0001193125-26-027198.txt.lock
2026-04-20 03:44:21,103 DEBUG httpcore.http11: receive_response_body.started request=<Request [b'GET']>
2026-04-20 03:44:21,119 DEBUG yfinance: response code=200
2026-04-20 03:44:21,119 DEBUG yfinance:    Exiting _make_request()
2026-04-20 03:44:21,119 DEBUG yfinance:   Exiting get()
2026-04-20 03:44:21,121 DEBUG yfinance: MSFT: yfinance received OHLC data: 2025-04-21 13:30:00 -> 2026-04-17 13:30:00
2026-04-20 03:44:21,121 DEBUG yfinance: MSFT: OHLC after cleaning: 2025-04-21 09:30:00-04:00 -> 2026-04-17 09:30:00-04:00
2026-04-20 03:44:21,125 DEBUG yfinance: MSFT: OHLC after combining events: 2025-04-21 00:00:00-04:00 -> 2026-04-17 00:00:00-04:00
2026-04-20 03:44:21,128 DEBUG yfinance: MSFT: yfinance returning OHLC: 2025-04-21 00:00:00-04:00 -> 2026-04-17 00:00:00-04:00
2026-04-20 03:44:21,129 DEBUG yfinance:  Exiting history()
2026-04-20 03:44:21,129 DEBUG yfinance: Exiting history()
2026-04-20 03:44:21,131 DEBUG yfinance: get_raw_json(): https://query2.finance.yahoo.com/v10/finance/quoteSummary/MSFT
2026-04-20 03:44:21,131 DEBUG yfinance: Entering get()
2026-04-20 03:44:21,131 DEBUG yfinance:  Entering _make_request()
2026-04-20 03:44:21,131 DEBUG yfinance: url=https://query2.finance.yahoo.com/v10/finance/quoteSummary/MSFT
2026-04-20 03:44:21,131 DEBUG yfinance: params={'modules': 'financialData,quoteType,defaultKeyStatistics,assetProfile,summaryDetail', 'corsDomain': 'finance.yahoo.com', 'formatted': 'false', 'symbol': 'MSFT'}
2026-04-20 03:44:21,131 DEBUG yfinance:   Entering _get_cookie_and_crumb()
2026-04-20 03:44:21,132 DEBUG yfinance: cookie_mode = 'basic'
2026-04-20 03:44:21,132 DEBUG yfinance:    Entering _get_cookie_and_crumb_basic()
2026-04-20 03:44:21,132 DEBUG yfinance:     Entering _get_cookie_basic()
2026-04-20 03:44:21,132 DEBUG yfinance: reusing cookie
2026-04-20 03:44:21,132 DEBUG yfinance:     Exiting _get_cookie_basic()
2026-04-20 03:44:21,132 DEBUG yfinance:     Entering _get_crumb_basic()
2026-04-20 03:44:21,132 DEBUG yfinance: reusing crumb
2026-04-20 03:44:21,132 DEBUG yfinance:     Exiting _get_crumb_basic()
2026-04-20 03:44:21,132 DEBUG yfinance:    Exiting _get_cookie_and_crumb_basic()
2026-04-20 03:44:21,132 DEBUG yfinance:   Exiting _get_cookie_and_crumb()
2026-04-20 03:44:21,152 DEBUG httpcore.http11: receive_response_body.complete
2026-04-20 03:44:21,153 DEBUG httpcore.http11: response_closed.started
2026-04-20 03:44:21,153 DEBUG httpcore.http11: response_closed.complete
2026-04-20 03:44:21,161 DEBUG yfinance: response code=200
2026-04-20 03:44:21,161 DEBUG yfinance:   Exiting _make_request()
2026-04-20 03:44:21,161 DEBUG yfinance:  Exiting get()
2026-04-20 03:44:21,162 DEBUG yfinance: MSFT: yfinance received OHLC data: 2026-04-14 08:00:00 -> 2026-04-20 10:43:54
2026-04-20 03:44:21,162 DEBUG yfinance: MSFT: OHLC after cleaning: 2026-04-14 04:00:00-04:00 -> 2026-04-20 06:43:54-04:00
2026-04-20 03:44:21,163 DEBUG filelock: Attempting to release lock 1724004469488 on C:\Users\aksha\.edgar\_tcache\www.sec.gov\Archives-edgar-data-789019-000119312526027198-0001193125-26-027198.txt.lock
2026-04-20 03:44:21,165 DEBUG yfinance: MSFT: OHLC after combining events: 2026-04-14 04:00:00-04:00 -> 2026-04-20 06:43:54-04:00
2026-04-20 03:44:21,165 DEBUG filelock: Lock 1724004469488 released on C:\Users\aksha\.edgar\_tcache\www.sec.gov\Archives-edgar-data-789019-000119312526027198-0001193125-26-027198.txt.lock
2026-04-20 03:44:21,170 DEBUG yfinance: MSFT: yfinance returning OHLC: 2026-04-14 04:00:00-04:00 -> 2026-04-20 06:00:00-04:00
2026-04-20 03:44:21,170 DEBUG yfinance: Exiting history()
2026-04-20 03:44:21,172 DEBUG yfinance: response code=200
2026-04-20 03:44:21,172 DEBUG yfinance:    Exiting _make_request()
2026-04-20 03:44:21,172 DEBUG yfinance:   Exiting get()
2026-04-20 03:44:21,173 DEBUG yfinance: MSFT: yfinance received OHLC data: 2026-02-18 14:30:00 -> 2026-04-17 13:30:00
2026-04-20 03:44:21,174 DEBUG yfinance: MSFT: OHLC after cleaning: 2026-02-18 09:30:00-05:00 -> 2026-04-17 09:30:00-04:00
2026-04-20 03:44:21,180 DEBUG yfinance: MSFT: OHLC after combining events: 2026-02-18 00:00:00-05:00 -> 2026-04-17 00:00:00-04:00
2026-04-20 03:44:21,181 DEBUG yfinance: Entering history()
2026-04-20 03:44:21,182 DEBUG yfinance:  Entering history()
2026-04-20 03:44:21,182 DEBUG yfinance: MSFT: Yahoo GET parameters: {'range': '5d', 'interval': '1h', 'includePrePost': True, 'events': 'div,splits,capitalGains'}
2026-04-20 03:44:21,182 DEBUG yfinance:   Entering get()
2026-04-20 03:44:21,182 DEBUG yfinance:    Entering _make_request()
2026-04-20 03:44:21,183 DEBUG yfinance: url=https://query2.finance.yahoo.com/v8/finance/chart/MSFT
2026-04-20 03:44:21,183 DEBUG yfinance: params={'range': '5d', 'interval': '1h', 'includePrePost': True, 'events': 'div,splits,capitalGains'}
2026-04-20 03:44:21,183 DEBUG yfinance:     Entering _get_cookie_and_crumb()
2026-04-20 03:44:21,183 DEBUG yfinance: cookie_mode = 'basic'
2026-04-20 03:44:21,183 DEBUG yfinance:      Entering _get_cookie_and_crumb_basic()
2026-04-20 03:44:21,183 DEBUG yfinance:       Entering _get_cookie_basic()
2026-04-20 03:44:21,184 DEBUG yfinance: reusing cookie
2026-04-20 03:44:21,184 DEBUG yfinance:       Exiting _get_cookie_basic()
2026-04-20 03:44:21,184 DEBUG yfinance:       Entering _get_crumb_basic()
2026-04-20 03:44:21,184 DEBUG yfinance: reusing crumb
2026-04-20 03:44:21,184 DEBUG yfinance:       Exiting _get_crumb_basic()
2026-04-20 03:44:21,184 DEBUG yfinance:      Exiting _get_cookie_and_crumb_basic()
2026-04-20 03:44:21,184 DEBUG yfinance:     Exiting _get_cookie_and_crumb()
2026-04-20 03:44:21,184 DEBUG yfinance: MSFT: yfinance returning OHLC: 2026-02-18 00:00:00-05:00 -> 2026-04-17 00:00:00-04:00
2026-04-20 03:44:21,185 DEBUG yfinance:  Exiting history()
2026-04-20 03:44:21,185 DEBUG yfinance: Exiting history()
2026-04-20 03:44:21,186 ERROR orca: fetch_yield_curve: No module named 'fredapi'
2026-04-20 03:44:21,186 ERROR orca: fetch_vix: No module named 'fredapi'
2026-04-20 03:44:21,186 ERROR orca: fetch_cpi: No module named 'fredapi'
2026-04-20 03:44:21,186 ERROR orca: fetch_dxy: No module named 'fredapi'
2026-04-20 03:44:21,186 ERROR orca: fetch_fed_rate: No module named 'fredapi'
2026-04-20 03:44:21,187 ERROR orca: fetch_credit_spreads: No module named 'fredapi'
2026-04-20 03:44:21,206 DEBUG yfinance: response code=200
2026-04-20 03:44:21,206 DEBUG yfinance:  Exiting _make_request()
2026-04-20 03:44:21,206 DEBUG yfinance: Exiting get()
2026-04-20 03:44:21,207 DEBUG yfinance: get_raw_json(): https://query1.finance.yahoo.com/v7/finance/quote?
2026-04-20 03:44:21,207 DEBUG yfinance: Entering get()
2026-04-20 03:44:21,207 DEBUG yfinance:  Entering _make_request()
2026-04-20 03:44:21,207 DEBUG yfinance: url=https://query1.finance.yahoo.com/v7/finance/quote?
2026-04-20 03:44:21,207 DEBUG yfinance: params={'symbols': 'MSFT', 'formatted': 'false'}
2026-04-20 03:44:21,207 DEBUG yfinance:   Entering _get_cookie_and_crumb()
2026-04-20 03:44:21,207 DEBUG yfinance: cookie_mode = 'basic'
2026-04-20 03:44:21,207 DEBUG yfinance:    Entering _get_cookie_and_crumb_basic()
2026-04-20 03:44:21,207 DEBUG yfinance:     Entering _get_cookie_basic()
2026-04-20 03:44:21,207 DEBUG yfinance: reusing cookie
2026-04-20 03:44:21,207 DEBUG yfinance:     Exiting _get_cookie_basic()
2026-04-20 03:44:21,207 DEBUG yfinance:     Entering _get_crumb_basic()
2026-04-20 03:44:21,207 DEBUG yfinance: reusing crumb
2026-04-20 03:44:21,207 DEBUG yfinance:     Exiting _get_crumb_basic()
2026-04-20 03:44:21,207 DEBUG yfinance:    Exiting _get_cookie_and_crumb_basic()
2026-04-20 03:44:21,207 DEBUG yfinance:   Exiting _get_cookie_and_crumb()
2026-04-20 03:44:21,214 DEBUG yfinance: response code=200
2026-04-20 03:44:21,214 DEBUG yfinance:    Exiting _make_request()
2026-04-20 03:44:21,214 DEBUG yfinance:   Exiting get()
2026-04-20 03:44:21,215 DEBUG yfinance: MSFT: yfinance received OHLC data: 2026-04-14 08:00:00 -> 2026-04-20 10:43:54
2026-04-20 03:44:21,215 DEBUG yfinance: MSFT: OHLC after cleaning: 2026-04-14 04:00:00-04:00 -> 2026-04-20 06:43:54-04:00
2026-04-20 03:44:21,216 DEBUG yfinance: MSFT: OHLC after combining events: 2026-04-14 04:00:00-04:00 -> 2026-04-20 06:43:54-04:00
2026-04-20 03:44:21,219 DEBUG yfinance: MSFT: yfinance returning OHLC: 2026-04-14 04:00:00-04:00 -> 2026-04-20 06:00:00-04:00
2026-04-20 03:44:21,219 DEBUG yfinance:  Exiting history()
2026-04-20 03:44:21,219 DEBUG yfinance: Exiting history()
2026-04-20 03:44:21,220 DEBUG yfinance: Entering get_shares_full()
2026-04-20 03:44:21,221 DEBUG yfinance:  Entering get()
2026-04-20 03:44:21,221 DEBUG yfinance:   Entering _make_request()
2026-04-20 03:44:21,221 DEBUG yfinance: url=https://query2.finance.yahoo.com/ws/fundamentals-timeseries/v1/finance/timeseries/MSFT?symbol=MSFT&period1=1729310400&period2=1776744000
2026-04-20 03:44:21,221 DEBUG yfinance: params=None
2026-04-20 03:44:21,221 DEBUG yfinance:    Entering _get_cookie_and_crumb()
2026-04-20 03:44:21,221 DEBUG yfinance: cookie_mode = 'basic'
2026-04-20 03:44:21,221 DEBUG yfinance:     Entering _get_cookie_and_crumb_basic()
2026-04-20 03:44:21,221 DEBUG yfinance:      Entering _get_cookie_basic()
2026-04-20 03:44:21,221 DEBUG yfinance: reusing cookie
2026-04-20 03:44:21,221 DEBUG yfinance:      Exiting _get_cookie_basic()
2026-04-20 03:44:21,221 DEBUG yfinance:      Entering _get_crumb_basic()
2026-04-20 03:44:21,221 DEBUG yfinance: reusing crumb
2026-04-20 03:44:21,221 DEBUG yfinance:      Exiting _get_crumb_basic()
2026-04-20 03:44:21,221 DEBUG yfinance:     Exiting _get_cookie_and_crumb_basic()
2026-04-20 03:44:21,221 DEBUG yfinance:    Exiting _get_cookie_and_crumb()
2026-04-20 03:44:21,283 DEBUG yfinance: response code=200
2026-04-20 03:44:21,283 DEBUG yfinance:   Exiting _make_request()
2026-04-20 03:44:21,284 DEBUG yfinance:  Exiting get()
2026-04-20 03:44:21,285 DEBUG yfinance: Exiting get_shares_full()
2026-04-20 03:44:21,294 DEBUG httpcore.http11: send_request_headers.started request=<Request [b'GET']>
2026-04-20 03:44:21,294 DEBUG httpcore.http11: send_request_headers.complete
2026-04-20 03:44:21,294 DEBUG httpcore.http11: send_request_body.started request=<Request [b'GET']>
2026-04-20 03:44:21,294 DEBUG httpcore.http11: send_request_body.complete
2026-04-20 03:44:21,294 DEBUG httpcore.http11: receive_response_headers.started request=<Request [b'GET']>
2026-04-20 03:44:21,334 DEBUG httpcore.http11: receive_response_headers.complete return_value=(b'HTTP/1.1', 200, b'OK', [(b'Content-Type', b'text/plain'), (b'X-Frame-Options', b'SAMEORIGIN'), (b'x-amz-id-2', b'swZ4pC3Co5Qz6/tJ7n5JE6wPF62pcdV6Scrhph9wmtr2Voa814k4ZsFVX71GkNbg8xK9F3zc6H/tdoOVdSjk3NDt6i2PjJRa'), (b'x-amz-request-id', b'NVJCZY068R2Z8MH3'), (b'x-amz-replication-status', b'COMPLETED'), (b'Last-Modified', b'Mon, 08 Dec 2025 21:00:56 GMT'), (b'ETag', b'"f1056a478afd7148f5167c898f8fe808-gzip"'), (b'x-amz-server-side-encryption', b'AES256'), (b'x-amz-meta-mode', b'33188'), (b'x-amz-version-id', b'dH6sPF_VT0NbeD967cQ9_JkbQyMaywWV'), (b'Accept-Ranges', b'bytes'), (b'Content-Encoding', b'gzip'), (b'X-Content-Type-Options', b'nosniff'), (b'X-XSS-Protection', b'1; mode=block'), (b'Content-Length', b'35628'), (b'Date', b'Mon, 20 Apr 2026 10:44:20 GMT'), (b'Connection', b'keep-alive'), (b'Vary', b'Accept-Encoding'), (b'Strict-Transport-Security', b'max-age=31536000 ; includeSubDomains ; preload')])
2026-04-20 03:44:21,335 DEBUG filelock: Attempting to acquire lock 1724000303696 on C:\Users\aksha\.edgar\_tcache\www.sec.gov\Archives-edgar-data-789019-000119312525311196-0001193125-25-311196.txt.lock
2026-04-20 03:44:21,336 DEBUG filelock: Lock 1724000303696 acquired on C:\Users\aksha\.edgar\_tcache\www.sec.gov\Archives-edgar-data-789019-000119312525311196-0001193125-25-311196.txt.lock
2026-04-20 03:44:21,337 DEBUG httpcore.http11: receive_response_body.started request=<Request [b'GET']>
2026-04-20 03:44:21,340 DEBUG httpcore.http11: receive_response_body.complete
2026-04-20 03:44:21,340 DEBUG httpcore.http11: response_closed.started
2026-04-20 03:44:21,340 DEBUG httpcore.http11: response_closed.complete
2026-04-20 03:44:21,343 DEBUG yfinance: response code=200
2026-04-20 03:44:21,343 DEBUG yfinance:  Exiting _make_request()
2026-04-20 03:44:21,343 DEBUG yfinance: Exiting get()
2026-04-20 03:44:21,352 DEBUG filelock: Attempting to release lock 1724000303696 on C:\Users\aksha\.edgar\_tcache\www.sec.gov\Archives-edgar-data-789019-000119312525311196-0001193125-25-311196.txt.lock
2026-04-20 03:44:21,353 DEBUG filelock: Lock 1724000303696 released on C:\Users\aksha\.edgar\_tcache\www.sec.gov\Archives-edgar-data-789019-000119312525311196-0001193125-25-311196.txt.lock
2026-04-20 03:44:21,478 DEBUG httpcore.http11: send_request_headers.started request=<Request [b'GET']>
2026-04-20 03:44:21,479 DEBUG httpcore.http11: send_request_headers.complete
2026-04-20 03:44:21,479 DEBUG httpcore.http11: send_request_body.started request=<Request [b'GET']>
2026-04-20 03:44:21,479 DEBUG httpcore.http11: send_request_body.complete
2026-04-20 03:44:21,479 DEBUG httpcore.http11: receive_response_headers.started request=<Request [b'GET']>
2026-04-20 03:44:21,509 DEBUG httpcore.http11: receive_response_headers.complete return_value=(b'HTTP/1.1', 200, b'OK', [(b'Content-Type', b'text/plain'), (b'X-Frame-Options', b'SAMEORIGIN'), (b'x-amz-id-2', b'zvPaTH0W4stzwRhyHasc00Z9pAbhArOxVLi+SMLcmG3e/DZyfGj5mVtAYfQvSMmaCri8Y/jw64o='), (b'x-amz-request-id', b'XECDWS116N9NVRFT'), (b'x-amz-replication-status', b'COMPLETED'), (b'Last-Modified', b'Wed, 29 Oct 2025 20:08:10 GMT'), (b'ETag', b'"8dfd6dd6e995738a7c7f400194b1a056-gzip"'), (b'x-amz-server-side-encryption', b'AES256'), (b'x-amz-meta-mode', b'33188'), (b'x-amz-version-id', b'f2fuF0ePParIqKMU1bHOMl_VgOSxiFaL'), (b'Accept-Ranges', b'bytes'), (b'Content-Encoding', b'gzip'), (b'X-Content-Type-Options', b'nosniff'), (b'X-XSS-Protection', b'1; mode=block'), (b'Content-Length', b'4308202'), (b'Date', b'Mon, 20 Apr 2026 10:44:20 GMT'), (b'Connection', b'keep-alive'), (b'Vary', b'Accept-Encoding'), (b'Strict-Transport-Security', b'max-age=31536000 ; includeSubDomains ; preload')])
2026-04-20 03:44:21,511 DEBUG filelock: Attempting to acquire lock 1724004692048 on C:\Users\aksha\.edgar\_tcache\www.sec.gov\Archives-edgar-data-789019-000119312525256310-0001193125-25-256310.txt.lock
2026-04-20 03:44:21,512 DEBUG filelock: Lock 1724004692048 acquired on C:\Users\aksha\.edgar\_tcache\www.sec.gov\Archives-edgar-data-789019-000119312525256310-0001193125-25-256310.txt.lock
2026-04-20 03:44:21,512 DEBUG httpcore.http11: receive_response_body.started request=<Request [b'GET']>
2026-04-20 03:44:21,669 DEBUG httpcore.http11: receive_response_body.complete
2026-04-20 03:44:21,669 DEBUG httpcore.http11: response_closed.started
2026-04-20 03:44:21,669 DEBUG httpcore.http11: response_closed.complete
2026-04-20 03:44:21,680 DEBUG filelock: Attempting to release lock 1724004692048 on C:\Users\aksha\.edgar\_tcache\www.sec.gov\Archives-edgar-data-789019-000119312525256310-0001193125-25-256310.txt.lock
2026-04-20 03:44:21,681 DEBUG filelock: Lock 1724004692048 released on C:\Users\aksha\.edgar\_tcache\www.sec.gov\Archives-edgar-data-789019-000119312525256310-0001193125-25-256310.txt.lock
2026-04-20 03:44:21,813 DEBUG httpcore.http11: send_request_headers.started request=<Request [b'GET']>
2026-04-20 03:44:21,814 DEBUG httpcore.http11: send_request_headers.complete
2026-04-20 03:44:21,814 DEBUG httpcore.http11: send_request_body.started request=<Request [b'GET']>
2026-04-20 03:44:21,814 DEBUG httpcore.http11: send_request_body.complete
2026-04-20 03:44:21,814 DEBUG httpcore.http11: receive_response_headers.started request=<Request [b'GET']>
2026-04-20 03:44:21,844 DEBUG httpcore.http11: receive_response_headers.complete return_value=(b'HTTP/1.1', 200, b'OK', [(b'Content-Type', b'text/plain'), (b'X-Frame-Options', b'SAMEORIGIN'), (b'x-amz-id-2', b'c+KY9roqNeLUanP7uzDFdv9X4MPOFNYS+rVCLaZOcYLKsD75fvGJoj4NXGMlz0oPqWIhBcgznyI='), (b'x-amz-request-id', b'XECCNG31YP7NN3T2'), (b'x-amz-replication-status', b'COMPLETED'), (b'Last-Modified', b'Tue, 30 Sep 2025 20:37:40 GMT'), (b'ETag', b'"ba65358fc35f10c6e26f7de6d579c8e6-gzip"'), (b'x-amz-server-side-encryption', b'AES256'), (b'x-amz-meta-mode', b'33188'), (b'x-amz-version-id', b'Bh2k5N3Mi1zuFD6_beuZV48XkyEGF3Br'), (b'Accept-Ranges', b'bytes'), (b'Content-Encoding', b'gzip'), (b'X-Content-Type-Options', b'nosniff'), (b'X-XSS-Protection', b'1; mode=block'), (b'Content-Length', b'28875'), (b'Date', b'Mon, 20 Apr 2026 10:44:21 GMT'), (b'Connection', b'keep-alive'), (b'Vary', b'Accept-Encoding'), (b'Strict-Transport-Security', b'max-age=31536000 ; includeSubDomains ; preload')])
2026-04-20 03:44:21,845 DEBUG filelock: Attempting to acquire lock 1724004534704 on C:\Users\aksha\.edgar\_tcache\www.sec.gov\Archives-edgar-data-789019-000119312525225125-0001193125-25-225125.txt.lock
2026-04-20 03:44:21,847 DEBUG filelock: Lock 1724004534704 acquired on C:\Users\aksha\.edgar\_tcache\www.sec.gov\Archives-edgar-data-789019-000119312525225125-0001193125-25-225125.txt.lock
2026-04-20 03:44:21,847 DEBUG httpcore.http11: receive_response_body.started request=<Request [b'GET']>
2026-04-20 03:44:21,848 DEBUG httpcore.http11: receive_response_body.complete
2026-04-20 03:44:21,848 DEBUG httpcore.http11: response_closed.started
2026-04-20 03:44:21,848 DEBUG httpcore.http11: response_closed.complete
2026-04-20 03:44:21,859 DEBUG filelock: Attempting to release lock 1724004534704 on C:\Users\aksha\.edgar\_tcache\www.sec.gov\Archives-edgar-data-789019-000119312525225125-0001193125-25-225125.txt.lock
2026-04-20 03:44:21,859 DEBUG filelock: Lock 1724004534704 released on C:\Users\aksha\.edgar\_tcache\www.sec.gov\Archives-edgar-data-789019-000119312525225125-0001193125-25-225125.txt.lock
2026-04-20 03:44:21,984 DEBUG httpcore.http11: send_request_headers.started request=<Request [b'GET']>
2026-04-20 03:44:21,985 DEBUG httpcore.http11: send_request_headers.complete
2026-04-20 03:44:21,986 DEBUG httpcore.http11: send_request_body.started request=<Request [b'GET']>
2026-04-20 03:44:21,986 DEBUG httpcore.http11: send_request_body.complete
2026-04-20 03:44:21,988 DEBUG httpcore.http11: receive_response_headers.started request=<Request [b'GET']>
2026-04-20 03:44:22,021 DEBUG httpcore.http11: receive_response_headers.complete return_value=(b'HTTP/1.1', 200, b'OK', [(b'Content-Type', b'text/plain'), (b'X-Frame-Options', b'SAMEORIGIN'), (b'x-amz-id-2', b'2lBZPtTQAUdNDazS3ZrN7hWgO9x5rN4kxqpsStJN2Z27iUs9XOJXp3MaHT3nkvDpvqyOUbN3/Xo='), (b'x-amz-request-id', b'KPAZ09V0J5HXME6A'), (b'x-amz-replication-status', b'COMPLETED'), (b'Last-Modified', b'Wed, 30 Jul 2025 20:09:16 GMT'), (b'ETag', b'"ff135146c6606c5acea5f8620efc502c-gzip"'), (b'x-amz-server-side-encryption', b'AES256'), (b'x-amz-meta-mode', b'33188'), (b'x-amz-version-id', b'eKFcbfo43vctkxJBUw58vkucgifBmJM4'), (b'Accept-Ranges', b'bytes'), (b'Content-Encoding', b'gzip'), (b'X-Content-Type-Options', b'nosniff'), (b'X-XSS-Protection', b'1; mode=block'), (b'Content-Length', b'78468'), (b'Date', b'Mon, 20 Apr 2026 10:44:21 GMT'), (b'Connection', b'keep-alive'), (b'Vary', b'Accept-Encoding'), (b'Strict-Transport-Security', b'max-age=31536000 ; includeSubDomains ; preload')])
2026-04-20 03:44:22,022 DEBUG filelock: Attempting to acquire lock 1724004535424 on C:\Users\aksha\.edgar\_tcache\www.sec.gov\Archives-edgar-data-789019-000095017025100226-0000950170-25-100226.txt.lock
2026-04-20 03:44:22,023 DEBUG filelock: Lock 1724004535424 acquired on C:\Users\aksha\.edgar\_tcache\www.sec.gov\Archives-edgar-data-789019-000095017025100226-0000950170-25-100226.txt.lock
2026-04-20 03:44:22,024 DEBUG httpcore.http11: receive_response_body.started request=<Request [b'GET']>
2026-04-20 03:44:22,026 DEBUG httpcore.http11: receive_response_body.complete
2026-04-20 03:44:22,026 DEBUG httpcore.http11: response_closed.started
2026-04-20 03:44:22,026 DEBUG httpcore.http11: response_closed.complete
2026-04-20 03:44:22,038 DEBUG filelock: Attempting to release lock 1724004535424 on C:\Users\aksha\.edgar\_tcache\www.sec.gov\Archives-edgar-data-789019-000095017025100226-0000950170-25-100226.txt.lock
2026-04-20 03:44:22,038 DEBUG filelock: Lock 1724004535424 released on C:\Users\aksha\.edgar\_tcache\www.sec.gov\Archives-edgar-data-789019-000095017025100226-0000950170-25-100226.txt.lock
2026-04-20 03:44:22,166 DEBUG httpcore.http11: send_request_headers.started request=<Request [b'GET']>
2026-04-20 03:44:22,166 DEBUG httpcore.http11: send_request_headers.complete
2026-04-20 03:44:22,166 DEBUG httpcore.http11: send_request_body.started request=<Request [b'GET']>
2026-04-20 03:44:22,166 DEBUG httpcore.http11: send_request_body.complete
2026-04-20 03:44:22,166 DEBUG httpcore.http11: receive_response_headers.started request=<Request [b'GET']>
2026-04-20 03:44:22,216 DEBUG httpcore.http11: receive_response_headers.complete return_value=(b'HTTP/1.1', 200, b'OK', [(b'Content-Type', b'text/plain'), (b'X-Frame-Options', b'SAMEORIGIN'), (b'x-amz-id-2', b'6AA79MeLol3M0VZ0NfQyW8K+RHWt91CZwYTvmq4BI+KesCsr3od0pcpMc/CTiEdCEy2so2UKv2Q='), (b'x-amz-request-id', b'KPAZM3DX02ZDMM2F'), (b'x-amz-replication-status', b'COMPLETED'), (b'Last-Modified', b'Tue, 01 Jul 2025 21:01:21 GMT'), (b'ETag', b'"bcb93da33e7660bb3920c929af6a2c52-gzip"'), (b'x-amz-server-side-encryption', b'AES256'), (b'x-amz-meta-mode', b'33188'), (b'x-amz-version-id', b'bna42Fl7WqrCXYdsTVjRcK02NO2PmW9c'), (b'Accept-Ranges', b'bytes'), (b'Content-Encoding', b'gzip'), (b'X-Content-Type-Options', b'nosniff'), (b'X-XSS-Protection', b'1; mode=block'), (b'Content-Length', b'75054'), (b'Date', b'Mon, 20 Apr 2026 10:44:21 GMT'), (b'Connection', b'keep-alive'), (b'Vary', b'Accept-Encoding'), (b'Strict-Transport-Security', b'max-age=31536000 ; includeSubDomains ; preload')])
2026-04-20 03:44:22,217 DEBUG filelock: Attempting to acquire lock 1724004637104 on C:\Users\aksha\.edgar\_tcache\www.sec.gov\Archives-edgar-data-789019-000119312525154103-0001193125-25-154103.txt.lock
2026-04-20 03:44:22,218 DEBUG filelock: Lock 1724004637104 acquired on C:\Users\aksha\.edgar\_tcache\www.sec.gov\Archives-edgar-data-789019-000119312525154103-0001193125-25-154103.txt.lock
2026-04-20 03:44:22,220 DEBUG httpcore.http11: receive_response_body.started request=<Request [b'GET']>
2026-04-20 03:44:22,221 DEBUG httpcore.http11: receive_response_body.complete
2026-04-20 03:44:22,221 DEBUG httpcore.http11: response_closed.started
2026-04-20 03:44:22,221 DEBUG httpcore.http11: response_closed.complete
2026-04-20 03:44:22,233 DEBUG filelock: Attempting to release lock 1724004637104 on C:\Users\aksha\.edgar\_tcache\www.sec.gov\Archives-edgar-data-789019-000119312525154103-0001193125-25-154103.txt.lock
2026-04-20 03:44:22,233 DEBUG filelock: Lock 1724004637104 released on C:\Users\aksha\.edgar\_tcache\www.sec.gov\Archives-edgar-data-789019-000119312525154103-0001193125-25-154103.txt.lock
2026-04-20 03:44:22,359 DEBUG httpcore.http11: send_request_headers.started request=<Request [b'GET']>
2026-04-20 03:44:22,360 DEBUG httpcore.http11: send_request_headers.complete
2026-04-20 03:44:22,360 DEBUG httpcore.http11: send_request_body.started request=<Request [b'GET']>
2026-04-20 03:44:22,360 DEBUG httpcore.http11: send_request_body.complete
2026-04-20 03:44:22,360 DEBUG httpcore.http11: receive_response_headers.started request=<Request [b'GET']>
2026-04-20 03:44:22,402 DEBUG httpcore.http11: receive_response_headers.complete return_value=(b'HTTP/1.1', 200, b'OK', [(b'Content-Type', b'text/plain'), (b'X-Frame-Options', b'SAMEORIGIN'), (b'x-amz-id-2', b'l2FRpSdmZbLHXniW1qIivNTkYQpdNZIxxLtZDCmfmmMDoudlORUKSz2EgLAorwAfCsBiUELVm/w5S5ZII5+ksKpUWufS88Xt'), (b'x-amz-request-id', b'2RGCKR6K2Q574F8P'), (b'x-amz-replication-status', b'COMPLETED'), (b'Last-Modified', b'Wed, 30 Apr 2025 20:06:23 GMT'), (b'ETag', b'"8dc267377e850827a481f045e6c2e051-gzip"'), (b'x-amz-server-side-encryption', b'AES256'), (b'x-amz-meta-mode', b'33188'), (b'x-amz-version-id', b'Rind0zpJTIbacwwfEI7QWISnfYQwMLHL'), (b'Accept-Ranges', b'bytes'), (b'Content-Encoding', b'gzip'), (b'X-Content-Type-Options', b'nosniff'), (b'X-XSS-Protection', b'1; mode=block'), (b'Content-Length', b'82063'), (b'Date', b'Mon, 20 Apr 2026 10:44:21 GMT'), (b'Connection', b'keep-alive'), (b'Vary', b'Accept-Encoding'), (b'Strict-Transport-Security', b'max-age=31536000 ; includeSubDomains ; preload')])
2026-04-20 03:44:22,404 DEBUG filelock: Attempting to acquire lock 1724004639568 on C:\Users\aksha\.edgar\_tcache\www.sec.gov\Archives-edgar-data-789019-000095017025061032-0000950170-25-061032.txt.lock
2026-04-20 03:44:22,405 DEBUG filelock: Lock 1724004639568 acquired on C:\Users\aksha\.edgar\_tcache\www.sec.gov\Archives-edgar-data-789019-000095017025061032-0000950170-25-061032.txt.lock
2026-04-20 03:44:22,405 DEBUG httpcore.http11: receive_response_body.started request=<Request [b'GET']>
2026-04-20 03:44:22,407 DEBUG httpcore.http11: receive_response_body.complete
2026-04-20 03:44:22,407 DEBUG httpcore.http11: response_closed.started
2026-04-20 03:44:22,407 DEBUG httpcore.http11: response_closed.complete
2026-04-20 03:44:22,418 DEBUG filelock: Attempting to release lock 1724004639568 on C:\Users\aksha\.edgar\_tcache\www.sec.gov\Archives-edgar-data-789019-000095017025061032-0000950170-25-061032.txt.lock
2026-04-20 03:44:22,418 DEBUG filelock: Lock 1724004639568 released on C:\Users\aksha\.edgar\_tcache\www.sec.gov\Archives-edgar-data-789019-000095017025061032-0000950170-25-061032.txt.lock
2026-04-20 03:44:22,544 DEBUG httpcore.http11: send_request_headers.started request=<Request [b'GET']>
2026-04-20 03:44:22,544 DEBUG httpcore.http11: send_request_headers.complete
2026-04-20 03:44:22,544 DEBUG httpcore.http11: send_request_body.started request=<Request [b'GET']>
2026-04-20 03:44:22,545 DEBUG httpcore.http11: send_request_body.complete
2026-04-20 03:44:22,545 DEBUG httpcore.http11: receive_response_headers.started request=<Request [b'GET']>
2026-04-20 03:44:22,592 DEBUG httpcore.http11: receive_response_headers.complete return_value=(b'HTTP/1.1', 200, b'OK', [(b'Content-Type', b'text/plain'), (b'X-Frame-Options', b'SAMEORIGIN'), (b'x-amz-id-2', b'I5g9oQbgYAq5RyFm4aqUm8aEw6u8ld1trKXLFfiTvXoGVz7XgyPjABYk/tIVZvC5oJ7Vr83QL5s='), (b'x-amz-request-id', b'DWBX8CP0AG0A9BAH'), (b'x-amz-replication-status', b'COMPLETED'), (b'Last-Modified', b'Wed, 29 Jan 2025 21:09:22 GMT'), (b'ETag', b'"db293704e9a7dfdf0dfa8075bf148af1-gzip"'), (b'x-amz-server-side-encryption', b'AES256'), (b'x-amz-meta-mode', b'33188'), (b'x-amz-version-id', b'meuPh66N8l4uyhAsamcSvevF4f_0OzjW'), (b'Accept-Ranges', b'bytes'), (b'Content-Encoding', b'gzip'), (b'X-Content-Type-Options', b'nosniff'), (b'X-XSS-Protection', b'1; mode=block'), (b'Content-Length', b'81312'), (b'Date', b'Mon, 20 Apr 2026 10:44:21 GMT'), (b'Connection', b'keep-alive'), (b'Vary', b'Accept-Encoding'), (b'Strict-Transport-Security', b'max-age=31536000 ; includeSubDomains ; preload')])
2026-04-20 03:44:22,593 DEBUG filelock: Attempting to acquire lock 1724004523616 on C:\Users\aksha\.edgar\_tcache\www.sec.gov\Archives-edgar-data-789019-000095017025010484-0000950170-25-010484.txt.lock
2026-04-20 03:44:22,594 DEBUG filelock: Lock 1724004523616 acquired on C:\Users\aksha\.edgar\_tcache\www.sec.gov\Archives-edgar-data-789019-000095017025010484-0000950170-25-010484.txt.lock
2026-04-20 03:44:22,594 DEBUG httpcore.http11: receive_response_body.started request=<Request [b'GET']>
2026-04-20 03:44:22,596 DEBUG httpcore.http11: receive_response_body.complete
2026-04-20 03:44:22,597 DEBUG httpcore.http11: response_closed.started
2026-04-20 03:44:22,597 DEBUG httpcore.http11: response_closed.complete
2026-04-20 03:44:22,608 DEBUG filelock: Attempting to release lock 1724004523616 on C:\Users\aksha\.edgar\_tcache\www.sec.gov\Archives-edgar-data-789019-000095017025010484-0000950170-25-010484.txt.lock
2026-04-20 03:44:22,609 DEBUG filelock: Lock 1724004523616 released on C:\Users\aksha\.edgar\_tcache\www.sec.gov\Archives-edgar-data-789019-000095017025010484-0000950170-25-010484.txt.lock
2026-04-20 03:44:22,734 DEBUG httpcore.http11: send_request_headers.started request=<Request [b'GET']>
2026-04-20 03:44:22,734 DEBUG httpcore.http11: send_request_headers.complete
2026-04-20 03:44:22,734 DEBUG httpcore.http11: send_request_body.started request=<Request [b'GET']>
2026-04-20 03:44:22,734 DEBUG httpcore.http11: send_request_body.complete
2026-04-20 03:44:22,734 DEBUG httpcore.http11: receive_response_headers.started request=<Request [b'GET']>
2026-04-20 03:44:22,766 DEBUG httpcore.http11: receive_response_headers.complete return_value=(b'HTTP/1.1', 200, b'OK', [(b'Content-Type', b'text/plain'), (b'X-Frame-Options', b'SAMEORIGIN'), (b'x-amz-id-2', b'4Fa5lWm7DVN/bp4CJ43gjhkXKSlKdM0e3YBEUf4t4YokcYqgBiM433U3qjErmTRC0GA1GljN9RV5GdqgqYBnz4ckEzHef7PAGVElaheqRbs='), (b'x-amz-request-id', b'DWBQ5YATP6NZ3GTY'), (b'x-amz-replication-status', b'COMPLETED'), (b'Last-Modified', b'Wed, 22 Jan 2025 22:15:59 GMT'), (b'ETag', b'"e6d60f3d0275fa4b0c47b0e5042140e6-gzip"'), (b'x-amz-server-side-encryption', b'AES256'), (b'x-amz-meta-mode', b'33188'), (b'x-amz-version-id', b'Nf4usX3YymmQa7qtoz1hjxJqOO_C9dpA'), (b'Accept-Ranges', b'bytes'), (b'Content-Encoding', b'gzip'), (b'X-Content-Type-Options', b'nosniff'), (b'X-XSS-Protection', b'1; mode=block'), (b'Content-Length', b'34701'), (b'Date', b'Mon, 20 Apr 2026 10:44:21 GMT'), (b'Connection', b'keep-alive'), (b'Vary', b'Accept-Encoding'), (b'Strict-Transport-Security', b'max-age=31536000 ; includeSubDomains ; preload')])
2026-04-20 03:44:22,767 DEBUG filelock: Attempting to acquire lock 1724001203984 on C:\Users\aksha\.edgar\_tcache\www.sec.gov\Archives-edgar-data-789019-000119312525010492-0001193125-25-010492.txt.lock
2026-04-20 03:44:22,768 DEBUG filelock: Lock 1724001203984 acquired on C:\Users\aksha\.edgar\_tcache\www.sec.gov\Archives-edgar-data-789019-000119312525010492-0001193125-25-010492.txt.lock
2026-04-20 03:44:22,768 DEBUG httpcore.http11: receive_response_body.started request=<Request [b'GET']>
2026-04-20 03:44:22,769 DEBUG httpcore.http11: receive_response_body.complete
2026-04-20 03:44:22,769 DEBUG httpcore.http11: response_closed.started
2026-04-20 03:44:22,769 DEBUG httpcore.http11: response_closed.complete
2026-04-20 03:44:22,779 DEBUG filelock: Attempting to release lock 1724001203984 on C:\Users\aksha\.edgar\_tcache\www.sec.gov\Archives-edgar-data-789019-000119312525010492-0001193125-25-010492.txt.lock
2026-04-20 03:44:22,780 DEBUG filelock: Lock 1724001203984 released on C:\Users\aksha\.edgar\_tcache\www.sec.gov\Archives-edgar-data-789019-000119312525010492-0001193125-25-010492.txt.lock
2026-04-20 03:44:22,904 DEBUG httpcore.http11: send_request_headers.started request=<Request [b'GET']>
2026-04-20 03:44:22,905 DEBUG httpcore.http11: send_request_headers.complete
2026-04-20 03:44:22,906 DEBUG httpcore.http11: send_request_body.started request=<Request [b'GET']>
2026-04-20 03:44:22,906 DEBUG httpcore.http11: send_request_body.complete
2026-04-20 03:44:22,906 DEBUG httpcore.http11: receive_response_headers.started request=<Request [b'GET']>
2026-04-20 03:44:22,944 DEBUG httpcore.http11: receive_response_headers.complete return_value=(b'HTTP/1.1', 200, b'OK', [(b'Content-Type', b'text/plain'), (b'X-Frame-Options', b'SAMEORIGIN'), (b'x-amz-id-2', b'iuFxsGGupeXiuQcgzRzXuw6ED6kngmzg/hzUqeE+hcvBfMHfDKoUl8LtecMcXuPiWWhScfouJgo='), (b'x-amz-request-id', b'DWBKDB4TCET4JFS4'), (b'x-amz-replication-status', b'COMPLETED'), (b'Last-Modified', b'Wed, 11 Dec 2024 21:01:51 GMT'), (b'ETag', b'"1d66e3e355f8979c815e3f8faafd3690-gzip"'), (b'x-amz-server-side-encryption', b'AES256'), (b'x-amz-meta-mode', b'33188'), (b'x-amz-version-id', b'rcNp26jjAF3MDhBLC7S2gDoSEQCOM4VJ'), (b'Accept-Ranges', b'bytes'), (b'Content-Encoding', b'gzip'), (b'X-Content-Type-Options', b'nosniff'), (b'X-XSS-Protection', b'1; mode=block'), (b'Content-Length', b'42779'), (b'Date', b'Mon, 20 Apr 2026 10:44:22 GMT'), (b'Connection', b'keep-alive'), (b'Vary', b'Accept-Encoding'), (b'Strict-Transport-Security', b'max-age=31536000 ; includeSubDomains ; preload')])
2026-04-20 03:44:22,945 DEBUG filelock: Attempting to acquire lock 1724004338768 on C:\Users\aksha\.edgar\_tcache\www.sec.gov\Archives-edgar-data-789019-000119312524275524-0001193125-24-275524.txt.lock
2026-04-20 03:44:22,946 DEBUG filelock: Lock 1724004338768 acquired on C:\Users\aksha\.edgar\_tcache\www.sec.gov\Archives-edgar-data-789019-000119312524275524-0001193125-24-275524.txt.lock
2026-04-20 03:44:22,946 DEBUG httpcore.http11: receive_response_body.started request=<Request [b'GET']>
2026-04-20 03:44:22,947 DEBUG httpcore.http11: receive_response_body.complete
2026-04-20 03:44:22,947 DEBUG httpcore.http11: response_closed.started
2026-04-20 03:44:22,947 DEBUG httpcore.http11: response_closed.complete
2026-04-20 03:44:22,958 DEBUG filelock: Attempting to release lock 1724004338768 on C:\Users\aksha\.edgar\_tcache\www.sec.gov\Archives-edgar-data-789019-000119312524275524-0001193125-24-275524.txt.lock
2026-04-20 03:44:22,959 DEBUG filelock: Lock 1724004338768 released on C:\Users\aksha\.edgar\_tcache\www.sec.gov\Archives-edgar-data-789019-000119312524275524-0001193125-24-275524.txt.lock
2026-04-20 03:44:23,093 INFO edgar.core: Identity of the Edgar REST client set to [Akshay Narkar akshaynarkar@gmail.com]
2026-04-20 03:44:23,093 WARNING orca: get_peers: no EDGAR companies found for SIC 7372
2026-04-20 03:44:23,116 INFO engine.rule_loader: Loaded 63 rules from rules.yaml
2026-04-20 03:44:23,116 DEBUG yfinance: get_raw_json(): https://query2.finance.yahoo.com/v10/finance/quoteSummary/MSFT
2026-04-20 03:44:23,116 DEBUG yfinance: Entering get()
2026-04-20 03:44:23,116 DEBUG yfinance:  Entering _make_request()
2026-04-20 03:44:23,116 DEBUG yfinance: url=https://query2.finance.yahoo.com/v10/finance/quoteSummary/MSFT
2026-04-20 03:44:23,116 DEBUG yfinance: params={'modules': 'calendarEvents', 'corsDomain': 'finance.yahoo.com', 'formatted': 'false', 'symbol': 'MSFT'}
2026-04-20 03:44:23,116 DEBUG yfinance:   Entering _get_cookie_and_crumb()
2026-04-20 03:44:23,116 DEBUG yfinance: cookie_mode = 'basic'
2026-04-20 03:44:23,116 DEBUG yfinance:    Entering _get_cookie_and_crumb_basic()
2026-04-20 03:44:23,116 DEBUG yfinance:     Entering _get_cookie_basic()
2026-04-20 03:44:23,116 DEBUG yfinance: reusing cookie
2026-04-20 03:44:23,116 DEBUG yfinance:     Exiting _get_cookie_basic()
2026-04-20 03:44:23,116 DEBUG yfinance:     Entering _get_crumb_basic()
2026-04-20 03:44:23,116 DEBUG yfinance: reusing crumb
2026-04-20 03:44:23,116 DEBUG yfinance:     Exiting _get_crumb_basic()
2026-04-20 03:44:23,116 DEBUG yfinance:    Exiting _get_cookie_and_crumb_basic()
2026-04-20 03:44:23,116 DEBUG yfinance:   Exiting _get_cookie_and_crumb()
2026-04-20 03:44:23,246 DEBUG yfinance: response code=200
2026-04-20 03:44:23,246 DEBUG yfinance:  Exiting _make_request()
2026-04-20 03:44:23,246 DEBUG yfinance: Exiting get()
2026-04-20 03:44:23,248 DEBUG orca: evaluate_rule(INS-01): No module named 'asteval'
2026-04-20 03:44:23,249 DEBUG orca: evaluate_rule(INS-02): No module named 'asteval'
2026-04-20 03:44:23,249 DEBUG orca: evaluate_rule(INS-03): No module named 'asteval'
2026-04-20 03:44:23,249 DEBUG orca: evaluate_rule(INS-04): No module named 'asteval'
2026-04-20 03:44:23,249 DEBUG orca: evaluate_rule(INS-05): No module named 'asteval'
2026-04-20 03:44:23,249 DEBUG orca: evaluate_rule(INS-06): No module named 'asteval'
2026-04-20 03:44:23,249 DEBUG orca: evaluate_rule(INS-07): No module named 'asteval'
2026-04-20 03:44:23,250 DEBUG orca: evaluate_rule(INS-08): No module named 'asteval'
2026-04-20 03:44:23,250 DEBUG orca: evaluate_rule(INS-09): No module named 'asteval'
2026-04-20 03:44:23,250 DEBUG orca: evaluate_rule(FIL-01): No module named 'asteval'
2026-04-20 03:44:23,250 DEBUG orca: evaluate_rule(FIL-02): No module named 'asteval'
2026-04-20 03:44:23,250 DEBUG orca: evaluate_rule(FIL-03): No module named 'asteval'
2026-04-20 03:44:23,250 DEBUG orca: evaluate_rule(FIL-04): No module named 'asteval'
2026-04-20 03:44:23,251 DEBUG orca: evaluate_rule(FIL-05): No module named 'asteval'
2026-04-20 03:44:23,251 DEBUG orca: evaluate_rule(FIL-06): No module named 'asteval'
2026-04-20 03:44:23,251 DEBUG orca: evaluate_rule(FIL-07): No module named 'asteval'
2026-04-20 03:44:23,251 DEBUG orca: evaluate_rule(FIL-08): No module named 'asteval'
2026-04-20 03:44:23,251 DEBUG orca: evaluate_rule(FIL-09): No module named 'asteval'
2026-04-20 03:44:23,251 DEBUG orca: evaluate_rule(FIL-10): No module named 'asteval'
2026-04-20 03:44:23,252 DEBUG orca: evaluate_rule(FIL-11): No module named 'asteval'
2026-04-20 03:44:23,252 DEBUG orca: evaluate_rule(FIL-12): No module named 'asteval'
2026-04-20 03:44:23,252 DEBUG orca: evaluate_rule(FIL-13): No module named 'asteval'
2026-04-20 03:44:23,252 DEBUG orca: evaluate_rule(FIL-14): No module named 'asteval'
2026-04-20 03:44:23,252 DEBUG orca: evaluate_rule(FUN-01): No module named 'asteval'
2026-04-20 03:44:23,252 DEBUG orca: evaluate_rule(FUN-02): No module named 'asteval'
2026-04-20 03:44:23,252 DEBUG orca: evaluate_rule(FUN-03): No module named 'asteval'
2026-04-20 03:44:23,253 DEBUG orca: evaluate_rule(FUN-04): No module named 'asteval'
2026-04-20 03:44:23,253 DEBUG orca: evaluate_rule(FUN-05): No module named 'asteval'
2026-04-20 03:44:23,253 DEBUG orca: evaluate_rule(FUN-06): No module named 'asteval'
2026-04-20 03:44:23,253 DEBUG orca: evaluate_rule(FUN-07): No module named 'asteval'
2026-04-20 03:44:23,253 DEBUG orca: evaluate_rule(FUN-08): No module named 'asteval'
2026-04-20 03:44:23,253 DEBUG orca: evaluate_rule(FUN-09): No module named 'asteval'
2026-04-20 03:44:23,254 DEBUG orca: evaluate_rule(FUN-10): No module named 'asteval'
2026-04-20 03:44:23,254 DEBUG orca: evaluate_rule(FUN-11): No module named 'asteval'
2026-04-20 03:44:23,254 DEBUG orca: evaluate_rule(FUN-12): No module named 'asteval'
2026-04-20 03:44:23,254 DEBUG orca: evaluate_rule(PRC-01): No module named 'asteval'
2026-04-20 03:44:23,254 DEBUG orca: evaluate_rule(PRC-02): No module named 'asteval'
2026-04-20 03:44:23,254 DEBUG orca: evaluate_rule(PRC-03): No module named 'asteval'
2026-04-20 03:44:23,254 DEBUG orca: evaluate_rule(PRC-04): No module named 'asteval'
2026-04-20 03:44:23,255 DEBUG orca: evaluate_rule(PRC-05): No module named 'asteval'
2026-04-20 03:44:23,255 DEBUG orca: evaluate_rule(PRC-06): No module named 'asteval'
2026-04-20 03:44:23,255 DEBUG orca: evaluate_rule(PRC-07): No module named 'asteval'
2026-04-20 03:44:23,255 DEBUG orca: evaluate_rule(PRC-08): No module named 'asteval'
2026-04-20 03:44:23,255 DEBUG orca: evaluate_rule(PRC-09): No module named 'asteval'
2026-04-20 03:44:23,255 DEBUG orca: evaluate_rule(MAC-01): No module named 'asteval'
2026-04-20 03:44:23,256 DEBUG orca: evaluate_rule(MAC-02): No module named 'asteval'
2026-04-20 03:44:23,256 DEBUG orca: evaluate_rule(MAC-03): No module named 'asteval'
2026-04-20 03:44:23,256 DEBUG orca: evaluate_rule(MAC-04): No module named 'asteval'
2026-04-20 03:44:23,256 DEBUG orca: evaluate_rule(MAC-05): No module named 'asteval'
2026-04-20 03:44:23,256 DEBUG orca: evaluate_rule(MAC-06): No module named 'asteval'
2026-04-20 03:44:23,256 DEBUG orca: evaluate_rule(MAC-07): No module named 'asteval'
2026-04-20 03:44:23,256 DEBUG orca: evaluate_rule(MAC-08): No module named 'asteval'
2026-04-20 03:44:23,257 DEBUG orca: evaluate_rule(MAC-09): No module named 'asteval'
2026-04-20 03:44:23,257 DEBUG orca: evaluate_rule(MAC-10): No module named 'asteval'
2026-04-20 03:44:23,257 DEBUG orca: _evaluate_cmp_rule(CMP-01): No module named 'asteval'
2026-04-20 03:44:23,257 DEBUG orca: _evaluate_cmp_rule(CMP-02): No module named 'asteval'
2026-04-20 03:44:23,257 DEBUG orca: _evaluate_cmp_rule(CMP-03): No module named 'asteval'
2026-04-20 03:44:23,257 DEBUG orca: _evaluate_cmp_rule(CMP-04): No module named 'asteval'
2026-04-20 03:44:23,258 DEBUG orca: _evaluate_cmp_rule(CMP-05): No module named 'asteval'
2026-04-20 03:44:23,258 DEBUG orca: _evaluate_cmp_rule(CMP-06): No module named 'asteval'
2026-04-20 03:44:23,258 DEBUG orca: _evaluate_cmp_rule(CMP-07): No module named 'asteval'
2026-04-20 03:44:23,258 DEBUG orca: _evaluate_cmp_rule(CMP-08): No module named 'asteval'
2026-04-20 03:44:23,258 DEBUG orca: _evaluate_cmp_rule(CMP-09): No module named 'asteval'
2026-04-20 03:48:40,166 DEBUG asyncio: Using proactor: IocpProactor
2026-04-20 03:48:43,250 DEBUG asyncio: Using proactor: IocpProactor
2026-04-20 03:48:43,702 DEBUG yfinance: Entering _fetch_time_series()
2026-04-20 03:48:43,702 DEBUG yfinance:  Entering get()
2026-04-20 03:48:43,703 DEBUG yfinance:   Entering _make_request()
2026-04-20 03:48:43,703 DEBUG yfinance: url=https://query2.finance.yahoo.com/ws/fundamentals-timeseries/v1/finance/timeseries/MSFT?symbol=MSFT&type=annualTaxEffectOfUnusualItems,annualTaxRateForCalcs,annualNormalizedEBITDA,annualNormalizedDilut...
2026-04-20 03:48:43,703 DEBUG yfinance: params=None
2026-04-20 03:48:43,703 DEBUG yfinance:    Entering _get_cookie_and_crumb()
2026-04-20 03:48:43,703 DEBUG yfinance: cookie_mode = 'basic'
2026-04-20 03:48:43,703 DEBUG yfinance:     Entering _get_cookie_and_crumb_basic()
2026-04-20 03:48:43,703 DEBUG yfinance:      Entering _get_cookie_basic()
2026-04-20 03:48:43,703 DEBUG yfinance:       Entering _load_cookie_curlCffi()
2026-04-20 03:48:43,707 DEBUG peewee: ('CREATE TABLE IF NOT EXISTS "_cookieschema" ("strategy" VARCHAR(255) NOT NULL PRIMARY KEY, "fetch_date" DATETIME NOT NULL, "cookie_bytes" BLOB NOT NULL) WITHOUT ROWID', [])
2026-04-20 03:48:43,708 DEBUG peewee: ('SELECT "t1"."strategy", "t1"."fetch_date", "t1"."cookie_bytes" FROM "_cookieschema" AS "t1" WHERE ("t1"."strategy" = ?) LIMIT ? OFFSET ?', ['curlCffi', 1, 0])
2026-04-20 03:48:43,708 DEBUG yfinance:       Exiting _load_cookie_curlCffi()
2026-04-20 03:48:43,708 DEBUG yfinance: reusing persistent cookie
2026-04-20 03:48:43,708 DEBUG yfinance:      Exiting _get_cookie_basic()
2026-04-20 03:48:43,708 DEBUG yfinance:      Entering _get_crumb_basic()
2026-04-20 03:48:43,708 DEBUG yfinance:       Entering _get_cookie_basic()
2026-04-20 03:48:43,708 DEBUG yfinance: reusing cookie
2026-04-20 03:48:43,708 DEBUG yfinance:       Exiting _get_cookie_basic()
2026-04-20 03:48:43,719 INFO edgar.core: Identity of the Edgar REST client set to [Akshay Narkar akshaynarkar@gmail.com]
2026-04-20 03:48:43,719 INFO edgar.core: Identity of the Edgar REST client set to [Akshay Narkar akshaynarkar@gmail.com]
2026-04-20 03:48:43,720 INFO edgar.core: Identity of the Edgar REST client set to [Akshay Narkar akshaynarkar@gmail.com]
2026-04-20 03:48:43,888 DEBUG yfinance: crumb = 'wIg34j8KmKU'
2026-04-20 03:48:43,888 DEBUG yfinance:      Exiting _get_crumb_basic()
2026-04-20 03:48:43,888 DEBUG yfinance:     Exiting _get_cookie_and_crumb_basic()
2026-04-20 03:48:43,888 DEBUG yfinance:    Exiting _get_cookie_and_crumb()
2026-04-20 03:48:44,139 DEBUG yfinance: response code=200
2026-04-20 03:48:44,140 DEBUG yfinance:   Exiting _make_request()
2026-04-20 03:48:44,140 DEBUG yfinance:  Exiting get()
2026-04-20 03:48:44,149 DEBUG yfinance: Exiting _fetch_time_series()
2026-04-20 03:48:44,150 DEBUG yfinance: Entering _fetch_time_series()
2026-04-20 03:48:44,150 DEBUG yfinance:  Entering get()
2026-04-20 03:48:44,150 DEBUG yfinance:   Entering _make_request()
2026-04-20 03:48:44,150 DEBUG yfinance: url=https://query2.finance.yahoo.com/ws/fundamentals-timeseries/v1/finance/timeseries/MSFT?symbol=MSFT&type=annualTreasurySharesNumber,annualPreferredSharesNumber,annualOrdinarySharesNumber,annualShareIss...
2026-04-20 03:48:44,150 DEBUG yfinance: params=None
2026-04-20 03:48:44,150 DEBUG yfinance:    Entering _get_cookie_and_crumb()
2026-04-20 03:48:44,150 DEBUG yfinance: cookie_mode = 'basic'
2026-04-20 03:48:44,150 DEBUG yfinance:     Entering _get_cookie_and_crumb_basic()
2026-04-20 03:48:44,151 DEBUG yfinance:      Entering _get_cookie_basic()
2026-04-20 03:48:44,151 DEBUG yfinance: reusing cookie
2026-04-20 03:48:44,151 DEBUG yfinance:      Exiting _get_cookie_basic()
2026-04-20 03:48:44,151 DEBUG yfinance:      Entering _get_crumb_basic()
2026-04-20 03:48:44,151 DEBUG yfinance: reusing crumb
2026-04-20 03:48:44,151 DEBUG yfinance:      Exiting _get_crumb_basic()
2026-04-20 03:48:44,151 DEBUG yfinance:     Exiting _get_cookie_and_crumb_basic()
2026-04-20 03:48:44,151 DEBUG yfinance:    Exiting _get_cookie_and_crumb()
2026-04-20 03:48:44,196 DEBUG httpcore.connection: connect_tcp.started host='data.sec.gov' port=443 local_address=None timeout=5.0 socket_options=None
2026-04-20 03:48:44,197 DEBUG httpcore.connection: connect_tcp.started host='data.sec.gov' port=443 local_address=None timeout=5.0 socket_options=None
2026-04-20 03:48:44,197 DEBUG httpcore.connection: connect_tcp.started host='data.sec.gov' port=443 local_address=None timeout=5.0 socket_options=None
2026-04-20 03:48:44,248 DEBUG httpcore.connection: connect_tcp.complete return_value=<httpcore._backends.sync.SyncStream object at 0x00000236785E27B0>
2026-04-20 03:48:44,249 DEBUG httpcore.connection: start_tls.started ssl_context=<ssl.SSLContext object at 0x000002367850D7F0> server_hostname='data.sec.gov' timeout=5.0
2026-04-20 03:48:44,249 DEBUG httpcore.connection: connect_tcp.complete return_value=<httpcore._backends.sync.SyncStream object at 0x00000236797891D0>
2026-04-20 03:48:44,249 DEBUG httpcore.connection: start_tls.started ssl_context=<ssl.SSLContext object at 0x000002367850D7F0> server_hostname='data.sec.gov' timeout=5.0
2026-04-20 03:48:44,249 DEBUG httpcore.connection: connect_tcp.complete return_value=<httpcore._backends.sync.SyncStream object at 0x0000023679788F50>
2026-04-20 03:48:44,249 DEBUG httpcore.connection: start_tls.started ssl_context=<ssl.SSLContext object at 0x000002367850D7F0> server_hostname='data.sec.gov' timeout=5.0
2026-04-20 03:48:44,278 DEBUG httpcore.connection: start_tls.complete return_value=<httpcore._backends.sync.SyncStream object at 0x000002367851A650>
2026-04-20 03:48:44,278 DEBUG httpcore.http11: send_request_headers.started request=<Request [b'GET']>
2026-04-20 03:48:44,278 DEBUG httpcore.http11: send_request_headers.complete
2026-04-20 03:48:44,278 DEBUG httpcore.http11: send_request_body.started request=<Request [b'GET']>
2026-04-20 03:48:44,278 DEBUG httpcore.http11: send_request_body.complete
2026-04-20 03:48:44,278 DEBUG httpcore.http11: receive_response_headers.started request=<Request [b'GET']>
2026-04-20 03:48:44,286 DEBUG httpcore.connection: start_tls.complete return_value=<httpcore._backends.sync.SyncStream object at 0x000002367851A520>
2026-04-20 03:48:44,286 DEBUG httpcore.http11: send_request_headers.started request=<Request [b'GET']>
2026-04-20 03:48:44,286 DEBUG httpcore.http11: send_request_headers.complete
2026-04-20 03:48:44,286 DEBUG httpcore.http11: send_request_body.started request=<Request [b'GET']>
2026-04-20 03:48:44,286 DEBUG httpcore.http11: send_request_body.complete
2026-04-20 03:48:44,286 DEBUG httpcore.http11: receive_response_headers.started request=<Request [b'GET']>
2026-04-20 03:48:44,286 DEBUG httpcore.connection: start_tls.complete return_value=<httpcore._backends.sync.SyncStream object at 0x000002367978C710>
2026-04-20 03:48:44,287 DEBUG httpcore.http11: send_request_headers.started request=<Request [b'GET']>
2026-04-20 03:48:44,287 DEBUG httpcore.http11: send_request_headers.complete
2026-04-20 03:48:44,287 DEBUG httpcore.http11: send_request_body.started request=<Request [b'GET']>
2026-04-20 03:48:44,287 DEBUG httpcore.http11: send_request_body.complete
2026-04-20 03:48:44,287 DEBUG httpcore.http11: receive_response_headers.started request=<Request [b'GET']>
2026-04-20 03:48:44,362 DEBUG yfinance: response code=200
2026-04-20 03:48:44,362 DEBUG yfinance:   Exiting _make_request()
2026-04-20 03:48:44,362 DEBUG yfinance:  Exiting get()
2026-04-20 03:48:44,385 DEBUG yfinance: Exiting _fetch_time_series()
2026-04-20 03:48:44,385 DEBUG yfinance: Entering _fetch_time_series()
2026-04-20 03:48:44,386 DEBUG yfinance:  Entering get()
2026-04-20 03:48:44,386 DEBUG yfinance:   Entering _make_request()
2026-04-20 03:48:44,386 DEBUG yfinance: url=https://query2.finance.yahoo.com/ws/fundamentals-timeseries/v1/finance/timeseries/MSFT?symbol=MSFT&type=annualForeignSales,annualDomesticSales,annualAdjustedGeographySegmentData,annualFreeCashFlow,ann...
2026-04-20 03:48:44,386 DEBUG yfinance: params=None
2026-04-20 03:48:44,386 DEBUG yfinance:    Entering _get_cookie_and_crumb()
2026-04-20 03:48:44,386 DEBUG yfinance: cookie_mode = 'basic'
2026-04-20 03:48:44,386 DEBUG yfinance:     Entering _get_cookie_and_crumb_basic()
2026-04-20 03:48:44,386 DEBUG yfinance:      Entering _get_cookie_basic()
2026-04-20 03:48:44,386 DEBUG yfinance: reusing cookie
2026-04-20 03:48:44,386 DEBUG yfinance:      Exiting _get_cookie_basic()
2026-04-20 03:48:44,386 DEBUG yfinance:      Entering _get_crumb_basic()
2026-04-20 03:48:44,386 DEBUG yfinance: reusing crumb
2026-04-20 03:48:44,386 DEBUG yfinance:      Exiting _get_crumb_basic()
2026-04-20 03:48:44,386 DEBUG yfinance:     Exiting _get_cookie_and_crumb_basic()
2026-04-20 03:48:44,386 DEBUG yfinance:    Exiting _get_cookie_and_crumb()
2026-04-20 03:48:44,425 DEBUG httpcore.http11: receive_response_headers.complete return_value=(b'HTTP/1.1', 200, b'OK', [(b'Content-Type', b'application/json'), (b'x-amzn-RequestId', b'5a6ca480-2311-4f7d-a8e4-8e8596cd4f49'), (b'Access-Control-Allow-Origin', b'*'), (b'x-amz-apigw-id', b'cHWl3FnvIAMEQ-g='), (b'X-Amzn-Trace-Id', b'Root=1-69e6048b-1aaa89cf38adec2c651f4e2d'), (b'Vary', b'Accept-Encoding'), (b'Content-Encoding', b'gzip'), (b'Expires', b'Mon, 20 Apr 2026 10:48:43 GMT'), (b'Cache-Control', b'max-age=0, no-cache, no-store'), (b'Pragma', b'no-cache'), (b'Date', b'Mon, 20 Apr 2026 10:48:43 GMT'), (b'Content-Length', b'21057'), (b'Connection', b'keep-alive'), (b'Strict-Transport-Security', b'max-age=31536000 ; preload')])
2026-04-20 03:48:44,426 DEBUG httpcore.http11: receive_response_headers.complete return_value=(b'HTTP/1.1', 200, b'OK', [(b'Content-Type', b'application/json'), (b'x-amzn-RequestId', b'769ad4be-08dc-4438-9ec4-280fc6c6d9e0'), (b'Access-Control-Allow-Origin', b'*'), (b'x-amz-apigw-id', b'cHWl3EcMIAMEuSA='), (b'X-Amzn-Trace-Id', b'Root=1-69e6048b-4d37dcd979e15f667824e6a6'), (b'Vary', b'Accept-Encoding'), (b'Content-Encoding', b'gzip'), (b'Expires', b'Mon, 20 Apr 2026 10:48:43 GMT'), (b'Cache-Control', b'max-age=0, no-cache, no-store'), (b'Pragma', b'no-cache'), (b'Date', b'Mon, 20 Apr 2026 10:48:43 GMT'), (b'Content-Length', b'21057'), (b'Connection', b'keep-alive'), (b'Strict-Transport-Security', b'max-age=31536000 ; preload')])
2026-04-20 03:48:44,427 DEBUG filelock: Attempting to acquire lock 2432970929696 on C:\Users\aksha\.edgar\_tcache\data.sec.gov\submissions-CIK0000789019.json.lock
2026-04-20 03:48:44,427 DEBUG filelock: Attempting to acquire lock 2432989438160 on C:\Users\aksha\.edgar\_tcache\data.sec.gov\submissions-CIK0000789019.json.lock
2026-04-20 03:48:44,428 DEBUG filelock: Lock 2432989438160 acquired on C:\Users\aksha\.edgar\_tcache\data.sec.gov\submissions-CIK0000789019.json.lock
2026-04-20 03:48:44,428 DEBUG filelock: Lock 2432970929696 not acquired on C:\Users\aksha\.edgar\_tcache\data.sec.gov\submissions-CIK0000789019.json.lock, waiting 0.05 seconds ...
2026-04-20 03:48:44,428 DEBUG httpcore.http11: receive_response_body.started request=<Request [b'GET']>
2026-04-20 03:48:44,428 DEBUG httpcore.http11: receive_response_body.complete
2026-04-20 03:48:44,428 DEBUG httpcore.http11: response_closed.started
2026-04-20 03:48:44,429 DEBUG httpcore.http11: response_closed.complete
2026-04-20 03:48:44,430 DEBUG httpcore.http11: receive_response_headers.complete return_value=(b'HTTP/1.1', 200, b'OK', [(b'Content-Type', b'application/json'), (b'x-amzn-RequestId', b'07827ae4-92dc-4bbf-9c39-e9325726dddb'), (b'Access-Control-Allow-Origin', b'*'), (b'x-amz-apigw-id', b'cHWl3FF-oAMESEQ='), (b'X-Amzn-Trace-Id', b'Root=1-69e6048b-3c060d543fece7183f96e705'), (b'Vary', b'Accept-Encoding'), (b'Content-Encoding', b'gzip'), (b'Expires', b'Mon, 20 Apr 2026 10:48:43 GMT'), (b'Cache-Control', b'max-age=0, no-cache, no-store'), (b'Pragma', b'no-cache'), (b'Date', b'Mon, 20 Apr 2026 10:48:43 GMT'), (b'Content-Length', b'21057'), (b'Connection', b'keep-alive'), (b'Strict-Transport-Security', b'max-age=31536000 ; preload')])
2026-04-20 03:48:44,431 DEBUG filelock: Attempting to acquire lock 2432989441040 on C:\Users\aksha\.edgar\_tcache\data.sec.gov\submissions-CIK0000789019.json.lock
2026-04-20 03:48:44,432 DEBUG filelock: Lock 2432989441040 not acquired on C:\Users\aksha\.edgar\_tcache\data.sec.gov\submissions-CIK0000789019.json.lock, waiting 0.05 seconds ...
2026-04-20 03:48:44,438 DEBUG filelock: Attempting to release lock 2432989438160 on C:\Users\aksha\.edgar\_tcache\data.sec.gov\submissions-CIK0000789019.json.lock
2026-04-20 03:48:44,439 DEBUG filelock: Lock 2432989438160 released on C:\Users\aksha\.edgar\_tcache\data.sec.gov\submissions-CIK0000789019.json.lock
2026-04-20 03:48:44,443 DEBUG httpcore.http11: send_request_headers.started request=<Request [b'GET']>
2026-04-20 03:48:44,444 DEBUG httpcore.http11: send_request_headers.complete
2026-04-20 03:48:44,444 DEBUG httpcore.http11: send_request_body.started request=<Request [b'GET']>
2026-04-20 03:48:44,444 DEBUG httpcore.http11: send_request_body.complete
2026-04-20 03:48:44,444 DEBUG httpcore.http11: receive_response_headers.started request=<Request [b'GET']>
2026-04-20 03:48:44,478 DEBUG filelock: Attempting to acquire lock 2432970929696 on C:\Users\aksha\.edgar\_tcache\data.sec.gov\submissions-CIK0000789019.json.lock
2026-04-20 03:48:44,479 DEBUG filelock: Lock 2432970929696 acquired on C:\Users\aksha\.edgar\_tcache\data.sec.gov\submissions-CIK0000789019.json.lock
2026-04-20 03:48:44,480 DEBUG httpcore.http11: receive_response_body.started request=<Request [b'GET']>
2026-04-20 03:48:44,480 DEBUG httpcore.http11: receive_response_body.complete
2026-04-20 03:48:44,480 DEBUG httpcore.http11: response_closed.started
2026-04-20 03:48:44,480 DEBUG httpcore.http11: response_closed.complete
2026-04-20 03:48:44,482 DEBUG filelock: Attempting to acquire lock 2432989441040 on C:\Users\aksha\.edgar\_tcache\data.sec.gov\submissions-CIK0000789019.json.lock
2026-04-20 03:48:44,482 DEBUG filelock: Lock 2432989441040 not acquired on C:\Users\aksha\.edgar\_tcache\data.sec.gov\submissions-CIK0000789019.json.lock, waiting 0.05 seconds ...
2026-04-20 03:48:44,490 DEBUG filelock: Attempting to release lock 2432970929696 on C:\Users\aksha\.edgar\_tcache\data.sec.gov\submissions-CIK0000789019.json.lock
2026-04-20 03:48:44,490 DEBUG filelock: Lock 2432970929696 released on C:\Users\aksha\.edgar\_tcache\data.sec.gov\submissions-CIK0000789019.json.lock
2026-04-20 03:48:44,495 DEBUG httpcore.http11: send_request_headers.started request=<Request [b'GET']>
2026-04-20 03:48:44,496 DEBUG httpcore.http11: send_request_headers.complete
2026-04-20 03:48:44,496 DEBUG httpcore.http11: send_request_body.started request=<Request [b'GET']>
2026-04-20 03:48:44,496 DEBUG httpcore.http11: send_request_body.complete
2026-04-20 03:48:44,496 DEBUG httpcore.http11: receive_response_headers.started request=<Request [b'GET']>
2026-04-20 03:48:44,533 DEBUG filelock: Attempting to acquire lock 2432989441040 on C:\Users\aksha\.edgar\_tcache\data.sec.gov\submissions-CIK0000789019.json.lock
2026-04-20 03:48:44,533 DEBUG filelock: Lock 2432989441040 acquired on C:\Users\aksha\.edgar\_tcache\data.sec.gov\submissions-CIK0000789019.json.lock
2026-04-20 03:48:44,534 DEBUG httpcore.http11: receive_response_body.started request=<Request [b'GET']>
2026-04-20 03:48:44,534 DEBUG httpcore.http11: receive_response_body.complete
2026-04-20 03:48:44,534 DEBUG httpcore.http11: response_closed.started
2026-04-20 03:48:44,534 DEBUG httpcore.http11: response_closed.complete
2026-04-20 03:48:44,542 DEBUG filelock: Attempting to release lock 2432989441040 on C:\Users\aksha\.edgar\_tcache\data.sec.gov\submissions-CIK0000789019.json.lock
2026-04-20 03:48:44,543 DEBUG filelock: Lock 2432989441040 released on C:\Users\aksha\.edgar\_tcache\data.sec.gov\submissions-CIK0000789019.json.lock
2026-04-20 03:48:44,547 DEBUG yfinance: get_raw_json(): https://query2.finance.yahoo.com/v10/finance/quoteSummary/MSFT
2026-04-20 03:48:44,547 DEBUG yfinance: Entering get()
2026-04-20 03:48:44,547 DEBUG yfinance:  Entering _make_request()
2026-04-20 03:48:44,547 DEBUG yfinance: url=https://query2.finance.yahoo.com/v10/finance/quoteSummary/MSFT
2026-04-20 03:48:44,547 DEBUG yfinance: params={'modules': 'financialData,quoteType,defaultKeyStatistics,assetProfile,summaryDetail', 'corsDomain': 'finance.yahoo.com', 'formatted': 'false', 'symbol': 'MSFT'}
2026-04-20 03:48:44,547 DEBUG yfinance:   Entering _get_cookie_and_crumb()
2026-04-20 03:48:44,547 DEBUG yfinance: cookie_mode = 'basic'
2026-04-20 03:48:44,547 DEBUG yfinance:    Entering _get_cookie_and_crumb_basic()
2026-04-20 03:48:44,547 DEBUG yfinance:     Entering _get_cookie_basic()
2026-04-20 03:48:44,547 DEBUG yfinance: reusing cookie
2026-04-20 03:48:44,547 DEBUG yfinance:     Exiting _get_cookie_basic()
2026-04-20 03:48:44,547 DEBUG yfinance:     Entering _get_crumb_basic()
2026-04-20 03:48:44,547 DEBUG yfinance: reusing crumb
2026-04-20 03:48:44,547 DEBUG yfinance:     Exiting _get_crumb_basic()
2026-04-20 03:48:44,547 DEBUG yfinance:    Exiting _get_cookie_and_crumb_basic()
2026-04-20 03:48:44,547 DEBUG yfinance:   Exiting _get_cookie_and_crumb()
2026-04-20 03:48:44,565 DEBUG yfinance: response code=200
2026-04-20 03:48:44,565 DEBUG yfinance:   Exiting _make_request()
2026-04-20 03:48:44,565 DEBUG yfinance:  Exiting get()
2026-04-20 03:48:44,582 DEBUG yfinance: Exiting _fetch_time_series()
2026-04-20 03:48:44,583 DEBUG yfinance: Entering _fetch_time_series()
2026-04-20 03:48:44,583 DEBUG yfinance:  Entering get()
2026-04-20 03:48:44,583 DEBUG yfinance:   Entering _make_request()
2026-04-20 03:48:44,583 DEBUG yfinance: url=https://query2.finance.yahoo.com/ws/fundamentals-timeseries/v1/finance/timeseries/MSFT?symbol=MSFT&type=quarterlyTaxEffectOfUnusualItems,quarterlyTaxRateForCalcs,quarterlyNormalizedEBITDA,quarterlyNor...
2026-04-20 03:48:44,583 DEBUG yfinance: params=None
2026-04-20 03:48:44,583 DEBUG yfinance:    Entering _get_cookie_and_crumb()
2026-04-20 03:48:44,583 DEBUG yfinance: cookie_mode = 'basic'
2026-04-20 03:48:44,583 DEBUG yfinance:     Entering _get_cookie_and_crumb_basic()
2026-04-20 03:48:44,583 DEBUG yfinance:      Entering _get_cookie_basic()
2026-04-20 03:48:44,583 DEBUG yfinance: reusing cookie
2026-04-20 03:48:44,583 DEBUG yfinance:      Exiting _get_cookie_basic()
2026-04-20 03:48:44,583 DEBUG yfinance:      Entering _get_crumb_basic()
2026-04-20 03:48:44,583 DEBUG yfinance: reusing crumb
2026-04-20 03:48:44,583 DEBUG yfinance:      Exiting _get_crumb_basic()
2026-04-20 03:48:44,583 DEBUG yfinance:     Exiting _get_cookie_and_crumb_basic()
2026-04-20 03:48:44,583 DEBUG yfinance:    Exiting _get_cookie_and_crumb()
2026-04-20 03:48:44,588 DEBUG httpcore.http11: receive_response_headers.complete return_value=(b'HTTP/1.1', 200, b'OK', [(b'Content-Type', b'application/json'), (b'x-amzn-RequestId', b'2899d069-6800-4a74-9dec-d12e007e5c14'), (b'Access-Control-Allow-Origin', b'*'), (b'x-amz-apigw-id', b'cHWl4GjiIAMEnlQ='), (b'X-Amzn-Trace-Id', b'Root=1-69e6048b-46f61a1a6f711e2a1a888143'), (b'Vary', b'Accept-Encoding'), (b'Content-Encoding', b'gzip'), (b'Expires', b'Mon, 20 Apr 2026 10:48:43 GMT'), (b'Cache-Control', b'max-age=0, no-cache, no-store'), (b'Pragma', b'no-cache'), (b'Date', b'Mon, 20 Apr 2026 10:48:43 GMT'), (b'Content-Length', b'38140'), (b'Connection', b'keep-alive'), (b'Strict-Transport-Security', b'max-age=31536000 ; preload')])
2026-04-20 03:48:44,589 DEBUG filelock: Attempting to acquire lock 2432990057296 on C:\Users\aksha\.edgar\_tcache\data.sec.gov\submissions-CIK0000789019-submissions-001.json.lock
2026-04-20 03:48:44,589 DEBUG filelock: Lock 2432990057296 acquired on C:\Users\aksha\.edgar\_tcache\data.sec.gov\submissions-CIK0000789019-submissions-001.json.lock
2026-04-20 03:48:44,590 DEBUG httpcore.http11: receive_response_body.started request=<Request [b'GET']>
2026-04-20 03:48:44,597 DEBUG httpcore.http11: receive_response_body.complete
2026-04-20 03:48:44,598 DEBUG httpcore.http11: response_closed.started
2026-04-20 03:48:44,598 DEBUG httpcore.http11: response_closed.complete
2026-04-20 03:48:44,608 DEBUG filelock: Attempting to release lock 2432990057296 on C:\Users\aksha\.edgar\_tcache\data.sec.gov\submissions-CIK0000789019-submissions-001.json.lock
2026-04-20 03:48:44,609 DEBUG filelock: Lock 2432990057296 released on C:\Users\aksha\.edgar\_tcache\data.sec.gov\submissions-CIK0000789019-submissions-001.json.lock
2026-04-20 03:48:44,615 DEBUG httpcore.http11: send_request_headers.started request=<Request [b'GET']>
2026-04-20 03:48:44,615 DEBUG httpcore.http11: send_request_headers.complete
2026-04-20 03:48:44,615 DEBUG httpcore.http11: send_request_body.started request=<Request [b'GET']>
2026-04-20 03:48:44,615 DEBUG httpcore.http11: send_request_body.complete
2026-04-20 03:48:44,615 DEBUG httpcore.http11: receive_response_headers.started request=<Request [b'GET']>
2026-04-20 03:48:44,646 DEBUG httpcore.http11: receive_response_headers.complete return_value=(b'HTTP/1.1', 200, b'OK', [(b'Content-Type', b'application/json'), (b'x-amzn-RequestId', b'c9ee027d-b7ef-49f1-9c01-b440f8ed90a0'), (b'Access-Control-Allow-Origin', b'*'), (b'x-amz-apigw-id', b'cHWl5ExKoAMEn_Q='), (b'X-Amzn-Trace-Id', b'Root=1-69e6048b-4c108938213a350715e105a3'), (b'Vary', b'Accept-Encoding'), (b'Content-Encoding', b'gzip'), (b'Expires', b'Mon, 20 Apr 2026 10:48:43 GMT'), (b'Cache-Control', b'max-age=0, no-cache, no-store'), (b'Pragma', b'no-cache'), (b'Date', b'Mon, 20 Apr 2026 10:48:43 GMT'), (b'Content-Length', b'38140'), (b'Connection', b'keep-alive'), (b'Strict-Transport-Security', b'max-age=31536000 ; preload')])
2026-04-20 03:48:44,646 DEBUG filelock: Attempting to acquire lock 2432990055472 on C:\Users\aksha\.edgar\_tcache\data.sec.gov\submissions-CIK0000789019-submissions-001.json.lock
2026-04-20 03:48:44,647 DEBUG filelock: Lock 2432990055472 acquired on C:\Users\aksha\.edgar\_tcache\data.sec.gov\submissions-CIK0000789019-submissions-001.json.lock
2026-04-20 03:48:44,647 DEBUG httpcore.http11: receive_response_body.started request=<Request [b'GET']>
2026-04-20 03:48:44,654 DEBUG httpcore.http11: receive_response_body.complete
2026-04-20 03:48:44,654 DEBUG httpcore.http11: response_closed.started
2026-04-20 03:48:44,654 DEBUG httpcore.http11: response_closed.complete
2026-04-20 03:48:44,663 DEBUG filelock: Attempting to release lock 2432990055472 on C:\Users\aksha\.edgar\_tcache\data.sec.gov\submissions-CIK0000789019-submissions-001.json.lock
2026-04-20 03:48:44,664 DEBUG filelock: Lock 2432990055472 released on C:\Users\aksha\.edgar\_tcache\data.sec.gov\submissions-CIK0000789019-submissions-001.json.lock
2026-04-20 03:48:44,670 DEBUG httpcore.http11: send_request_headers.started request=<Request [b'GET']>
2026-04-20 03:48:44,670 DEBUG httpcore.http11: send_request_headers.complete
2026-04-20 03:48:44,670 DEBUG httpcore.http11: send_request_body.started request=<Request [b'GET']>
2026-04-20 03:48:44,670 DEBUG httpcore.http11: send_request_body.complete
2026-04-20 03:48:44,671 DEBUG httpcore.http11: receive_response_headers.started request=<Request [b'GET']>
2026-04-20 03:48:44,670 DEBUG yfinance: response code=200
2026-04-20 03:48:44,671 DEBUG yfinance:  Exiting _make_request()
2026-04-20 03:48:44,671 DEBUG yfinance: Exiting get()
2026-04-20 03:48:44,671 DEBUG yfinance: get_raw_json(): https://query1.finance.yahoo.com/v7/finance/quote?
2026-04-20 03:48:44,671 DEBUG yfinance: Entering get()
2026-04-20 03:48:44,671 DEBUG yfinance:  Entering _make_request()
2026-04-20 03:48:44,671 DEBUG yfinance: url=https://query1.finance.yahoo.com/v7/finance/quote?
2026-04-20 03:48:44,671 DEBUG yfinance: params={'symbols': 'MSFT', 'formatted': 'false'}
2026-04-20 03:48:44,671 DEBUG yfinance:   Entering _get_cookie_and_crumb()
2026-04-20 03:48:44,671 DEBUG yfinance: cookie_mode = 'basic'
2026-04-20 03:48:44,671 DEBUG yfinance:    Entering _get_cookie_and_crumb_basic()
2026-04-20 03:48:44,671 DEBUG yfinance:     Entering _get_cookie_basic()
2026-04-20 03:48:44,671 DEBUG yfinance: reusing cookie
2026-04-20 03:48:44,671 DEBUG yfinance:     Exiting _get_cookie_basic()
2026-04-20 03:48:44,671 DEBUG yfinance:     Entering _get_crumb_basic()
2026-04-20 03:48:44,671 DEBUG yfinance: reusing crumb
2026-04-20 03:48:44,671 DEBUG yfinance:     Exiting _get_crumb_basic()
2026-04-20 03:48:44,671 DEBUG yfinance:    Exiting _get_cookie_and_crumb_basic()
2026-04-20 03:48:44,671 DEBUG yfinance:   Exiting _get_cookie_and_crumb()
2026-04-20 03:48:44,774 DEBUG httpcore.http11: receive_response_headers.complete return_value=(b'HTTP/1.1', 200, b'OK', [(b'Content-Type', b'application/json'), (b'x-amzn-RequestId', b'eeca7889-47a2-4b9d-980c-ef74ddb066fa'), (b'Access-Control-Allow-Origin', b'*'), (b'x-amz-apigw-id', b'cHWl6EuiIAMEiNQ='), (b'X-Amzn-Trace-Id', b'Root=1-69e6048b-7814b9127d5c293c5ca8ca4d'), (b'Vary', b'Accept-Encoding'), (b'Content-Encoding', b'gzip'), (b'Expires', b'Mon, 20 Apr 2026 10:48:43 GMT'), (b'Cache-Control', b'max-age=0, no-cache, no-store'), (b'Pragma', b'no-cache'), (b'Date', b'Mon, 20 Apr 2026 10:48:43 GMT'), (b'Content-Length', b'29410'), (b'Connection', b'keep-alive'), (b'Strict-Transport-Security', b'max-age=31536000 ; preload')])
2026-04-20 03:48:44,774 DEBUG filelock: Attempting to acquire lock 2432989455728 on C:\Users\aksha\.edgar\_tcache\data.sec.gov\submissions-CIK0000789019-submissions-002.json.lock
2026-04-20 03:48:44,775 DEBUG filelock: Lock 2432989455728 acquired on C:\Users\aksha\.edgar\_tcache\data.sec.gov\submissions-CIK0000789019-submissions-002.json.lock
2026-04-20 03:48:44,775 DEBUG httpcore.http11: receive_response_body.started request=<Request [b'GET']>
2026-04-20 03:48:44,776 DEBUG httpcore.http11: receive_response_body.complete
2026-04-20 03:48:44,776 DEBUG httpcore.http11: response_closed.started
2026-04-20 03:48:44,776 DEBUG httpcore.http11: response_closed.complete
2026-04-20 03:48:44,785 DEBUG filelock: Attempting to release lock 2432989455728 on C:\Users\aksha\.edgar\_tcache\data.sec.gov\submissions-CIK0000789019-submissions-002.json.lock
2026-04-20 03:48:44,786 DEBUG filelock: Lock 2432989455728 released on C:\Users\aksha\.edgar\_tcache\data.sec.gov\submissions-CIK0000789019-submissions-002.json.lock
2026-04-20 03:48:44,788 DEBUG yfinance: response code=200
2026-04-20 03:48:44,788 DEBUG yfinance:  Exiting _make_request()
2026-04-20 03:48:44,788 DEBUG yfinance: Exiting get()
2026-04-20 03:48:44,789 DEBUG yfinance: Entering get()
2026-04-20 03:48:44,789 DEBUG yfinance:  Entering _make_request()
2026-04-20 03:48:44,789 DEBUG yfinance: url=https://query1.finance.yahoo.com/ws/fundamentals-timeseries/v1/finance/timeseries/MSFT?symbol=MSFT&type=trailingPegRatio&period1=1760918400&period2=1776729600
2026-04-20 03:48:44,789 DEBUG yfinance: params=None
2026-04-20 03:48:44,789 DEBUG yfinance:   Entering _get_cookie_and_crumb()
2026-04-20 03:48:44,789 DEBUG yfinance: cookie_mode = 'basic'
2026-04-20 03:48:44,789 DEBUG yfinance:    Entering _get_cookie_and_crumb_basic()
2026-04-20 03:48:44,789 DEBUG yfinance:     Entering _get_cookie_basic()
2026-04-20 03:48:44,789 DEBUG yfinance: reusing cookie
2026-04-20 03:48:44,789 DEBUG yfinance:     Exiting _get_cookie_basic()
2026-04-20 03:48:44,789 DEBUG yfinance:     Entering _get_crumb_basic()
2026-04-20 03:48:44,789 DEBUG yfinance: reusing crumb
2026-04-20 03:48:44,788 DEBUG yfinance: response code=200
2026-04-20 03:48:44,789 DEBUG yfinance:   Exiting _make_request()
2026-04-20 03:48:44,789 DEBUG yfinance:  Exiting get()
2026-04-20 03:48:44,789 DEBUG yfinance:     Exiting _get_crumb_basic()
2026-04-20 03:48:44,791 DEBUG yfinance:    Exiting _get_cookie_and_crumb_basic()
2026-04-20 03:48:44,792 DEBUG yfinance:   Exiting _get_cookie_and_crumb()
2026-04-20 03:48:44,802 DEBUG yfinance: Exiting _fetch_time_series()
2026-04-20 03:48:44,803 DEBUG yfinance: Entering _fetch_time_series()
2026-04-20 03:48:44,803 DEBUG yfinance:  Entering get()
2026-04-20 03:48:44,803 DEBUG yfinance:   Entering _make_request()
2026-04-20 03:48:44,804 DEBUG yfinance: url=https://query2.finance.yahoo.com/ws/fundamentals-timeseries/v1/finance/timeseries/MSFT?symbol=MSFT&type=quarterlyTreasurySharesNumber,quarterlyPreferredSharesNumber,quarterlyOrdinarySharesNumber,quart...
2026-04-20 03:48:44,804 DEBUG yfinance: params=None
2026-04-20 03:48:44,805 DEBUG yfinance:    Entering _get_cookie_and_crumb()
2026-04-20 03:48:44,805 DEBUG yfinance: cookie_mode = 'basic'
2026-04-20 03:48:44,804 DEBUG orca: form4 filing parse error: 'datetime.date' object has no attribute 'date'
2026-04-20 03:48:44,805 DEBUG orca: form4 filing parse error: 'datetime.date' object has no attribute 'date'
2026-04-20 03:48:44,805 DEBUG orca: form4 filing parse error: 'datetime.date' object has no attribute 'date'
2026-04-20 03:48:44,805 DEBUG orca: form4 filing parse error: 'datetime.date' object has no attribute 'date'
2026-04-20 03:48:44,805 DEBUG orca: form4 filing parse error: 'datetime.date' object has no attribute 'date'
2026-04-20 03:48:44,805 DEBUG orca: form4 filing parse error: 'datetime.date' object has no attribute 'date'
2026-04-20 03:48:44,805 DEBUG orca: form4 filing parse error: 'datetime.date' object has no attribute 'date'
2026-04-20 03:48:44,805 DEBUG orca: form4 filing parse error: 'datetime.date' object has no attribute 'date'
2026-04-20 03:48:44,806 DEBUG orca: form4 filing parse error: 'datetime.date' object has no attribute 'date'
2026-04-20 03:48:44,806 DEBUG orca: form4 filing parse error: 'datetime.date' object has no attribute 'date'
2026-04-20 03:48:44,806 DEBUG orca: form4 filing parse error: 'datetime.date' object has no attribute 'date'
2026-04-20 03:48:44,806 DEBUG orca: form4 filing parse error: 'datetime.date' object has no attribute 'date'
2026-04-20 03:48:44,806 DEBUG orca: form4 filing parse error: 'datetime.date' object has no attribute 'date'
2026-04-20 03:48:44,806 DEBUG orca: form4 filing parse error: 'datetime.date' object has no attribute 'date'
2026-04-20 03:48:44,806 DEBUG orca: form4 filing parse error: 'datetime.date' object has no attribute 'date'
2026-04-20 03:48:44,805 DEBUG yfinance:     Entering _get_cookie_and_crumb_basic()
2026-04-20 03:48:44,806 DEBUG yfinance:      Entering _get_cookie_basic()
2026-04-20 03:48:44,806 DEBUG yfinance: reusing cookie
2026-04-20 03:48:44,806 DEBUG yfinance:      Exiting _get_cookie_basic()
2026-04-20 03:48:44,806 DEBUG yfinance:      Entering _get_crumb_basic()
2026-04-20 03:48:44,806 DEBUG yfinance: reusing crumb
2026-04-20 03:48:44,806 DEBUG yfinance:      Exiting _get_crumb_basic()
2026-04-20 03:48:44,806 DEBUG yfinance:     Exiting _get_cookie_and_crumb_basic()
2026-04-20 03:48:44,806 DEBUG yfinance:    Exiting _get_cookie_and_crumb()
2026-04-20 03:48:44,806 DEBUG orca: form4 filing parse error: 'datetime.date' object has no attribute 'date'
2026-04-20 03:48:44,806 DEBUG orca: form4 filing parse error: 'datetime.date' object has no attribute 'date'
2026-04-20 03:48:44,807 DEBUG orca: form4 filing parse error: 'datetime.date' object has no attribute 'date'
2026-04-20 03:48:44,807 DEBUG orca: form4 filing parse error: 'datetime.date' object has no attribute 'date'
2026-04-20 03:48:44,807 DEBUG orca: form4 filing parse error: 'datetime.date' object has no attribute 'date'
2026-04-20 03:48:44,807 DEBUG orca: form4 filing parse error: 'datetime.date' object has no attribute 'date'
2026-04-20 03:48:44,807 DEBUG orca: form4 filing parse error: 'datetime.date' object has no attribute 'date'
2026-04-20 03:48:44,807 DEBUG orca: form4 filing parse error: 'datetime.date' object has no attribute 'date'
2026-04-20 03:48:44,807 DEBUG orca: form4 filing parse error: 'datetime.date' object has no attribute 'date'
2026-04-20 03:48:44,807 DEBUG orca: form4 filing parse error: 'datetime.date' object has no attribute 'date'
2026-04-20 03:48:44,807 DEBUG orca: form4 filing parse error: 'datetime.date' object has no attribute 'date'
2026-04-20 03:48:44,807 DEBUG orca: form4 filing parse error: 'datetime.date' object has no attribute 'date'
2026-04-20 03:48:44,807 DEBUG orca: form4 filing parse error: 'datetime.date' object has no attribute 'date'
2026-04-20 03:48:44,807 DEBUG orca: form4 filing parse error: 'datetime.date' object has no attribute 'date'
2026-04-20 03:48:44,807 DEBUG orca: form4 filing parse error: 'datetime.date' object has no attribute 'date'
2026-04-20 03:48:44,807 DEBUG orca: form4 filing parse error: 'datetime.date' object has no attribute 'date'
2026-04-20 03:48:44,807 DEBUG orca: form4 filing parse error: 'datetime.date' object has no attribute 'date'
2026-04-20 03:48:44,807 DEBUG orca: form4 filing parse error: 'datetime.date' object has no attribute 'date'
2026-04-20 03:48:44,807 DEBUG orca: form4 filing parse error: 'datetime.date' object has no attribute 'date'
2026-04-20 03:48:44,807 DEBUG orca: form4 filing parse error: 'datetime.date' object has no attribute 'date'
2026-04-20 03:48:44,807 DEBUG orca: form4 filing parse error: 'datetime.date' object has no attribute 'date'
2026-04-20 03:48:44,807 DEBUG orca: form4 filing parse error: 'datetime.date' object has no attribute 'date'
2026-04-20 03:48:44,807 DEBUG orca: form4 filing parse error: 'datetime.date' object has no attribute 'date'
2026-04-20 03:48:44,807 DEBUG orca: form4 filing parse error: 'datetime.date' object has no attribute 'date'
2026-04-20 03:48:44,807 DEBUG orca: form4 filing parse error: 'datetime.date' object has no attribute 'date'
2026-04-20 03:48:44,808 DEBUG yfinance: Entering history()
2026-04-20 03:48:44,810 DEBUG peewee: ('CREATE TABLE IF NOT EXISTS "_tz_kv" ("key" VARCHAR(255) NOT NULL PRIMARY KEY, "value" VARCHAR(255)) WITHOUT ROWID', [])
2026-04-20 03:48:44,810 DEBUG peewee: ('SELECT "t1"."key", "t1"."value" FROM "_tz_kv" AS "t1" WHERE ("t1"."key" = ?) LIMIT ? OFFSET ?', ['MSFT', 1, 0])
2026-04-20 03:48:44,817 DEBUG httpcore.http11: receive_response_headers.complete return_value=(b'HTTP/1.1', 200, b'OK', [(b'Content-Type', b'application/json'), (b'x-amzn-RequestId', b'760e1126-50cd-4cc9-af8d-30f094bcb487'), (b'Access-Control-Allow-Origin', b'*'), (b'x-amz-apigw-id', b'cHWl7HqhIAMElGQ='), (b'X-Amzn-Trace-Id', b'Root=1-69e6048b-2316302b6805f9e6291b6ef2'), (b'Vary', b'Accept-Encoding'), (b'Content-Encoding', b'gzip'), (b'Expires', b'Mon, 20 Apr 2026 10:48:43 GMT'), (b'Cache-Control', b'max-age=0, no-cache, no-store'), (b'Pragma', b'no-cache'), (b'Date', b'Mon, 20 Apr 2026 10:48:43 GMT'), (b'Content-Length', b'29410'), (b'Connection', b'keep-alive'), (b'Strict-Transport-Security', b'max-age=31536000 ; preload')])
2026-04-20 03:48:44,817 DEBUG filelock: Attempting to acquire lock 2432970894032 on C:\Users\aksha\.edgar\_tcache\data.sec.gov\submissions-CIK0000789019-submissions-002.json.lock
2026-04-20 03:48:44,818 DEBUG filelock: Lock 2432970894032 acquired on C:\Users\aksha\.edgar\_tcache\data.sec.gov\submissions-CIK0000789019-submissions-002.json.lock
2026-04-20 03:48:44,818 DEBUG httpcore.http11: receive_response_body.started request=<Request [b'GET']>
2026-04-20 03:48:44,819 DEBUG httpcore.http11: receive_response_body.complete
2026-04-20 03:48:44,819 DEBUG httpcore.http11: response_closed.started
2026-04-20 03:48:44,819 DEBUG httpcore.http11: response_closed.complete
2026-04-20 03:48:44,829 DEBUG filelock: Attempting to release lock 2432970894032 on C:\Users\aksha\.edgar\_tcache\data.sec.gov\submissions-CIK0000789019-submissions-002.json.lock
2026-04-20 03:48:44,829 DEBUG filelock: Lock 2432970894032 released on C:\Users\aksha\.edgar\_tcache\data.sec.gov\submissions-CIK0000789019-submissions-002.json.lock
2026-04-20 03:48:44,869 DEBUG yfinance: response code=200
2026-04-20 03:48:44,869 DEBUG yfinance:  Exiting _make_request()
2026-04-20 03:48:44,870 DEBUG yfinance: Exiting get()
2026-04-20 03:48:44,870 DEBUG yfinance: get_raw_json(): https://query2.finance.yahoo.com/v10/finance/quoteSummary/MSFT
2026-04-20 03:48:44,870 DEBUG yfinance: Entering get()
2026-04-20 03:48:44,870 DEBUG yfinance:  Entering _make_request()
2026-04-20 03:48:44,870 DEBUG yfinance: url=https://query2.finance.yahoo.com/v10/finance/quoteSummary/MSFT
2026-04-20 03:48:44,870 DEBUG yfinance: params={'modules': 'financialData,quoteType,defaultKeyStatistics,assetProfile,summaryDetail', 'corsDomain': 'finance.yahoo.com', 'formatted': 'false', 'symbol': 'MSFT'}
2026-04-20 03:48:44,870 DEBUG yfinance:   Entering _get_cookie_and_crumb()
2026-04-20 03:48:44,870 DEBUG yfinance: cookie_mode = 'basic'
2026-04-20 03:48:44,870 DEBUG yfinance:    Entering _get_cookie_and_crumb_basic()
2026-04-20 03:48:44,870 DEBUG yfinance:     Entering _get_cookie_basic()
2026-04-20 03:48:44,870 DEBUG yfinance: reusing cookie
2026-04-20 03:48:44,870 DEBUG yfinance:     Exiting _get_cookie_basic()
2026-04-20 03:48:44,871 DEBUG yfinance:     Entering _get_crumb_basic()
2026-04-20 03:48:44,871 DEBUG yfinance: reusing crumb
2026-04-20 03:48:44,872 DEBUG yfinance:     Exiting _get_crumb_basic()
2026-04-20 03:48:44,872 DEBUG yfinance:    Exiting _get_cookie_and_crumb_basic()
2026-04-20 03:48:44,872 DEBUG yfinance:   Exiting _get_cookie_and_crumb()
2026-04-20 03:48:44,898 DEBUG httpcore.connection: connect_tcp.started host='www.sec.gov' port=443 local_address=None timeout=5.0 socket_options=None
2026-04-20 03:48:44,900 DEBUG yfinance: response code=200
2026-04-20 03:48:44,900 DEBUG yfinance:  Exiting _make_request()
2026-04-20 03:48:44,900 DEBUG yfinance: Exiting get()
2026-04-20 03:48:44,900 DEBUG yfinance: get_raw_json(): https://query1.finance.yahoo.com/v7/finance/quote?
2026-04-20 03:48:44,900 DEBUG yfinance: Entering get()
2026-04-20 03:48:44,900 DEBUG yfinance:  Entering _make_request()
2026-04-20 03:48:44,900 DEBUG yfinance: url=https://query1.finance.yahoo.com/v7/finance/quote?
2026-04-20 03:48:44,900 DEBUG yfinance: params={'symbols': 'MSFT', 'formatted': 'false'}
2026-04-20 03:48:44,900 DEBUG yfinance:   Entering _get_cookie_and_crumb()
2026-04-20 03:48:44,900 DEBUG yfinance: cookie_mode = 'basic'
2026-04-20 03:48:44,900 DEBUG yfinance:    Entering _get_cookie_and_crumb_basic()
2026-04-20 03:48:44,900 DEBUG yfinance:     Entering _get_cookie_basic()
2026-04-20 03:48:44,900 DEBUG yfinance: reusing cookie
2026-04-20 03:48:44,900 DEBUG yfinance:     Exiting _get_cookie_basic()
2026-04-20 03:48:44,900 DEBUG yfinance:     Entering _get_crumb_basic()
2026-04-20 03:48:44,900 DEBUG yfinance: reusing crumb
2026-04-20 03:48:44,900 DEBUG yfinance:     Exiting _get_crumb_basic()
2026-04-20 03:48:44,900 DEBUG yfinance:    Exiting _get_cookie_and_crumb_basic()
2026-04-20 03:48:44,900 DEBUG yfinance:   Exiting _get_cookie_and_crumb()
2026-04-20 03:48:44,920 DEBUG yfinance:  Entering history()
2026-04-20 03:48:44,920 DEBUG yfinance: MSFT: Yahoo GET parameters: {'range': '3mo', 'interval': '1d', 'includePrePost': False, 'events': 'div,splits,capitalGains'}
2026-04-20 03:48:44,920 DEBUG yfinance:   Entering get()
2026-04-20 03:48:44,920 DEBUG yfinance:    Entering _make_request()
2026-04-20 03:48:44,920 DEBUG yfinance: url=https://query2.finance.yahoo.com/v8/finance/chart/MSFT
2026-04-20 03:48:44,920 DEBUG yfinance: params={'range': '3mo', 'interval': '1d', 'includePrePost': False, 'events': 'div,splits,capitalGains'}
2026-04-20 03:48:44,920 DEBUG yfinance:     Entering _get_cookie_and_crumb()
2026-04-20 03:48:44,920 DEBUG yfinance: cookie_mode = 'basic'
2026-04-20 03:48:44,920 DEBUG yfinance:      Entering _get_cookie_and_crumb_basic()
2026-04-20 03:48:44,920 DEBUG yfinance:       Entering _get_cookie_basic()
2026-04-20 03:48:44,920 DEBUG yfinance: reusing cookie
2026-04-20 03:48:44,920 DEBUG yfinance:       Exiting _get_cookie_basic()
2026-04-20 03:48:44,920 DEBUG yfinance:       Entering _get_crumb_basic()
2026-04-20 03:48:44,920 DEBUG yfinance: reusing crumb
2026-04-20 03:48:44,920 DEBUG yfinance:       Exiting _get_crumb_basic()
2026-04-20 03:48:44,921 DEBUG yfinance:      Exiting _get_cookie_and_crumb_basic()
2026-04-20 03:48:44,921 DEBUG yfinance:     Exiting _get_cookie_and_crumb()
2026-04-20 03:48:44,922 DEBUG yfinance: response code=200
2026-04-20 03:48:44,922 DEBUG yfinance:  Exiting _make_request()
2026-04-20 03:48:44,922 DEBUG yfinance: Exiting get()
2026-04-20 03:48:44,923 DEBUG yfinance: Entering history()
2026-04-20 03:48:44,923 DEBUG peewee: ('SELECT "t1"."key", "t1"."value" FROM "_tz_kv" AS "t1" WHERE ("t1"."key" = ?) LIMIT ? OFFSET ?', ['MSFT', 1, 0])
2026-04-20 03:48:44,927 DEBUG yfinance:  Entering history()
2026-04-20 03:48:44,927 DEBUG yfinance: MSFT: Yahoo GET parameters: {'range': '1y', 'interval': '1d', 'includePrePost': False, 'events': 'div,splits,capitalGains'}
2026-04-20 03:48:44,927 DEBUG yfinance:   Entering get()
2026-04-20 03:48:44,927 DEBUG yfinance:    Entering _make_request()
2026-04-20 03:48:44,927 DEBUG yfinance: url=https://query2.finance.yahoo.com/v8/finance/chart/MSFT
2026-04-20 03:48:44,927 DEBUG yfinance: params={'range': '1y', 'interval': '1d', 'includePrePost': False, 'events': 'div,splits,capitalGains'}
2026-04-20 03:48:44,927 DEBUG yfinance:     Entering _get_cookie_and_crumb()
2026-04-20 03:48:44,927 DEBUG yfinance: cookie_mode = 'basic'
2026-04-20 03:48:44,927 DEBUG yfinance:      Entering _get_cookie_and_crumb_basic()
2026-04-20 03:48:44,927 DEBUG yfinance:       Entering _get_cookie_basic()
2026-04-20 03:48:44,927 DEBUG yfinance: reusing cookie
2026-04-20 03:48:44,927 DEBUG yfinance:       Exiting _get_cookie_basic()
2026-04-20 03:48:44,927 DEBUG yfinance:       Entering _get_crumb_basic()
2026-04-20 03:48:44,927 DEBUG yfinance: reusing crumb
2026-04-20 03:48:44,927 DEBUG yfinance:       Exiting _get_crumb_basic()
2026-04-20 03:48:44,927 DEBUG yfinance:      Exiting _get_cookie_and_crumb_basic()
2026-04-20 03:48:44,927 DEBUG yfinance:     Exiting _get_cookie_and_crumb()
2026-04-20 03:48:44,950 DEBUG httpcore.connection: connect_tcp.complete return_value=<httpcore._backends.sync.SyncStream object at 0x0000023679D73460>
2026-04-20 03:48:44,950 DEBUG httpcore.connection: start_tls.started ssl_context=<ssl.SSLContext object at 0x000002367850D7F0> server_hostname='www.sec.gov' timeout=5.0
2026-04-20 03:48:44,981 DEBUG httpcore.connection: start_tls.complete return_value=<httpcore._backends.sync.SyncStream object at 0x0000023679AC48D0>
2026-04-20 03:48:44,981 DEBUG httpcore.http11: send_request_headers.started request=<Request [b'GET']>
2026-04-20 03:48:44,981 DEBUG httpcore.http11: send_request_headers.complete
2026-04-20 03:48:44,981 DEBUG httpcore.http11: send_request_body.started request=<Request [b'GET']>
2026-04-20 03:48:44,981 DEBUG httpcore.http11: send_request_body.complete
2026-04-20 03:48:44,981 DEBUG httpcore.http11: receive_response_headers.started request=<Request [b'GET']>
2026-04-20 03:48:45,009 DEBUG httpcore.http11: receive_response_headers.complete return_value=(b'HTTP/1.1', 200, b'OK', [(b'Content-Type', b'text/plain'), (b'X-Frame-Options', b'SAMEORIGIN'), (b'x-amz-id-2', b'2/lurE8hMBCP2wcPrI5S9ToOBGqLeMPXTXvFtrSAxPZ193eH61kIswyfjg+uI9LObcOjMP29TMw='), (b'x-amz-request-id', b'K5C0CBE6XGQJDKZW'), (b'x-amz-replication-status', b'COMPLETED'), (b'Last-Modified', b'Wed, 28 Jan 2026 21:05:13 GMT'), (b'ETag', b'"963672d635da7c7433d3cd4e3f7c8106-gzip"'), (b'x-amz-server-side-encryption', b'AES256'), (b'x-amz-meta-mode', b'33188'), (b'x-amz-version-id', b'bwe2CRrRMLoM5zxclggrPKJ6ZL6oh3vB'), (b'Accept-Ranges', b'bytes'), (b'Content-Encoding', b'gzip'), (b'X-Content-Type-Options', b'nosniff'), (b'X-XSS-Protection', b'1; mode=block'), (b'Content-Length', b'83944'), (b'Date', b'Mon, 20 Apr 2026 10:48:44 GMT'), (b'Connection', b'keep-alive'), (b'Vary', b'Accept-Encoding'), (b'Strict-Transport-Security', b'max-age=31536000 ; includeSubDomains ; preload')])
2026-04-20 03:48:45,010 DEBUG filelock: Attempting to acquire lock 2432992825680 on C:\Users\aksha\.edgar\_tcache\www.sec.gov\Archives-edgar-data-789019-000119312526027198-0001193125-26-027198.txt.lock
2026-04-20 03:48:45,011 DEBUG filelock: Lock 2432992825680 acquired on C:\Users\aksha\.edgar\_tcache\www.sec.gov\Archives-edgar-data-789019-000119312526027198-0001193125-26-027198.txt.lock
2026-04-20 03:48:45,012 DEBUG yfinance: response code=200
2026-04-20 03:48:45,012 DEBUG yfinance:   Exiting _make_request()
2026-04-20 03:48:45,012 DEBUG yfinance:  Exiting get()
2026-04-20 03:48:45,012 DEBUG httpcore.http11: receive_response_body.started request=<Request [b'GET']>
2026-04-20 03:48:45,043 DEBUG yfinance: Exiting _fetch_time_series()
2026-04-20 03:48:45,044 DEBUG yfinance: Entering _fetch_time_series()
2026-04-20 03:48:45,044 DEBUG yfinance:  Entering get()
2026-04-20 03:48:45,044 DEBUG yfinance:   Entering _make_request()
2026-04-20 03:48:45,044 DEBUG yfinance: url=https://query2.finance.yahoo.com/ws/fundamentals-timeseries/v1/finance/timeseries/MSFT?symbol=MSFT&type=quarterlyForeignSales,quarterlyDomesticSales,quarterlyAdjustedGeographySegmentData,quarterlyFree...
2026-04-20 03:48:45,045 DEBUG yfinance: params=None
2026-04-20 03:48:45,045 DEBUG yfinance:    Entering _get_cookie_and_crumb()
2026-04-20 03:48:45,045 DEBUG yfinance: cookie_mode = 'basic'
2026-04-20 03:48:45,045 DEBUG yfinance:     Entering _get_cookie_and_crumb_basic()
2026-04-20 03:48:45,045 DEBUG yfinance:      Entering _get_cookie_basic()
2026-04-20 03:48:45,045 DEBUG yfinance: reusing cookie
2026-04-20 03:48:45,045 DEBUG yfinance:      Exiting _get_cookie_basic()
2026-04-20 03:48:45,045 DEBUG yfinance:      Entering _get_crumb_basic()
2026-04-20 03:48:45,045 DEBUG yfinance: reusing crumb
2026-04-20 03:48:45,045 DEBUG yfinance:      Exiting _get_crumb_basic()
2026-04-20 03:48:45,045 DEBUG yfinance:     Exiting _get_cookie_and_crumb_basic()
2026-04-20 03:48:45,045 DEBUG yfinance:    Exiting _get_cookie_and_crumb()
2026-04-20 03:48:45,045 DEBUG yfinance: response code=200
2026-04-20 03:48:45,046 DEBUG yfinance:    Exiting _make_request()
2026-04-20 03:48:45,046 DEBUG yfinance:   Exiting get()
2026-04-20 03:48:45,047 DEBUG yfinance: MSFT: yfinance received OHLC data: 2025-04-21 13:30:00 -> 2026-04-17 13:30:00
2026-04-20 03:48:45,050 DEBUG yfinance: MSFT: OHLC after cleaning: 2025-04-21 09:30:00-04:00 -> 2026-04-17 09:30:00-04:00
2026-04-20 03:48:45,054 DEBUG httpcore.http11: receive_response_body.complete
2026-04-20 03:48:45,054 DEBUG httpcore.http11: response_closed.started
2026-04-20 03:48:45,054 DEBUG httpcore.http11: response_closed.complete
2026-04-20 03:48:45,055 DEBUG yfinance: MSFT: OHLC after combining events: 2025-04-21 00:00:00-04:00 -> 2026-04-17 00:00:00-04:00
2026-04-20 03:48:45,055 DEBUG yfinance: MSFT: yfinance returning OHLC: 2025-04-21 00:00:00-04:00 -> 2026-04-17 00:00:00-04:00
2026-04-20 03:48:45,056 DEBUG yfinance:  Exiting history()
2026-04-20 03:48:45,056 DEBUG yfinance: Exiting history()
2026-04-20 03:48:45,056 DEBUG yfinance: Entering history()
2026-04-20 03:48:45,056 DEBUG yfinance: MSFT: Yahoo GET parameters: {'range': '5d', 'interval': '1h', 'includePrePost': True, 'events': 'div,splits,capitalGains'}
2026-04-20 03:48:45,056 DEBUG yfinance:  Entering get()
2026-04-20 03:48:45,056 DEBUG yfinance:   Entering _make_request()
2026-04-20 03:48:45,056 DEBUG yfinance: url=https://query2.finance.yahoo.com/v8/finance/chart/MSFT
2026-04-20 03:48:45,056 DEBUG yfinance: params={'range': '5d', 'interval': '1h', 'includePrePost': True, 'events': 'div,splits,capitalGains'}
2026-04-20 03:48:45,056 DEBUG yfinance:    Entering _get_cookie_and_crumb()
2026-04-20 03:48:45,056 DEBUG yfinance: cookie_mode = 'basic'
2026-04-20 03:48:45,056 DEBUG yfinance:     Entering _get_cookie_and_crumb_basic()
2026-04-20 03:48:45,056 DEBUG yfinance:      Entering _get_cookie_basic()
2026-04-20 03:48:45,056 DEBUG yfinance: reusing cookie
2026-04-20 03:48:45,056 DEBUG yfinance:      Exiting _get_cookie_basic()
2026-04-20 03:48:45,056 DEBUG yfinance:      Entering _get_crumb_basic()
2026-04-20 03:48:45,056 DEBUG yfinance: reusing crumb
2026-04-20 03:48:45,056 DEBUG yfinance:      Exiting _get_crumb_basic()
2026-04-20 03:48:45,056 DEBUG yfinance:     Exiting _get_cookie_and_crumb_basic()
2026-04-20 03:48:45,056 DEBUG yfinance:    Exiting _get_cookie_and_crumb()
2026-04-20 03:48:45,067 DEBUG filelock: Attempting to release lock 2432992825680 on C:\Users\aksha\.edgar\_tcache\www.sec.gov\Archives-edgar-data-789019-000119312526027198-0001193125-26-027198.txt.lock
2026-04-20 03:48:45,067 DEBUG filelock: Lock 2432992825680 released on C:\Users\aksha\.edgar\_tcache\www.sec.gov\Archives-edgar-data-789019-000119312526027198-0001193125-26-027198.txt.lock
2026-04-20 03:48:45,090 DEBUG yfinance: response code=200
2026-04-20 03:48:45,090 DEBUG yfinance:    Exiting _make_request()
2026-04-20 03:48:45,090 DEBUG yfinance:   Exiting get()
2026-04-20 03:48:45,091 DEBUG yfinance: MSFT: yfinance received OHLC data: 2026-01-20 14:30:00 -> 2026-04-17 13:30:00
2026-04-20 03:48:45,092 DEBUG yfinance: MSFT: OHLC after cleaning: 2026-01-20 09:30:00-05:00 -> 2026-04-17 09:30:00-04:00
2026-04-20 03:48:45,096 DEBUG yfinance: MSFT: OHLC after combining events: 2026-01-20 00:00:00-05:00 -> 2026-04-17 00:00:00-04:00
2026-04-20 03:48:45,099 DEBUG yfinance: MSFT: yfinance returning OHLC: 2026-01-20 00:00:00-05:00 -> 2026-04-17 00:00:00-04:00
2026-04-20 03:48:45,099 DEBUG yfinance:  Exiting history()
2026-04-20 03:48:45,100 DEBUG yfinance: Exiting history()
2026-04-20 03:48:45,101 DEBUG yfinance: Entering history()
2026-04-20 03:48:45,101 DEBUG peewee: ('SELECT "t1"."key", "t1"."value" FROM "_tz_kv" AS "t1" WHERE ("t1"."key" = ?) LIMIT ? OFFSET ?', ['MSFT', 1, 0])
2026-04-20 03:48:45,101 DEBUG yfinance:  Entering history()
2026-04-20 03:48:45,101 DEBUG yfinance: MSFT: Yahoo GET parameters: {'range': '1y', 'interval': '1d', 'includePrePost': False, 'events': 'div,splits,capitalGains'}
2026-04-20 03:48:45,101 DEBUG yfinance:   Entering get()
2026-04-20 03:48:45,101 DEBUG yfinance:    Entering _make_request()
2026-04-20 03:48:45,101 DEBUG yfinance: url=https://query2.finance.yahoo.com/v8/finance/chart/MSFT
2026-04-20 03:48:45,101 DEBUG yfinance: params={'range': '1y', 'interval': '1d', 'includePrePost': False, 'events': 'div,splits,capitalGains'}
2026-04-20 03:48:45,101 DEBUG yfinance:     Entering _get_cookie_and_crumb()
2026-04-20 03:48:45,101 DEBUG yfinance: cookie_mode = 'basic'
2026-04-20 03:48:45,101 DEBUG yfinance:      Entering _get_cookie_and_crumb_basic()
2026-04-20 03:48:45,102 DEBUG yfinance:       Entering _get_cookie_basic()
2026-04-20 03:48:45,102 DEBUG yfinance: reusing cookie
2026-04-20 03:48:45,102 DEBUG yfinance:       Exiting _get_cookie_basic()
2026-04-20 03:48:45,102 DEBUG yfinance:       Entering _get_crumb_basic()
2026-04-20 03:48:45,102 DEBUG yfinance: reusing crumb
2026-04-20 03:48:45,102 DEBUG yfinance:       Exiting _get_crumb_basic()
2026-04-20 03:48:45,102 DEBUG yfinance:      Exiting _get_cookie_and_crumb_basic()
2026-04-20 03:48:45,102 DEBUG yfinance:     Exiting _get_cookie_and_crumb()
2026-04-20 03:48:45,124 DEBUG yfinance: response code=200
2026-04-20 03:48:45,124 DEBUG yfinance:   Exiting _make_request()
2026-04-20 03:48:45,124 DEBUG yfinance:  Exiting get()
2026-04-20 03:48:45,125 DEBUG yfinance: MSFT: yfinance received OHLC data: 2026-04-14 08:00:00 -> 2026-04-20 10:48:13
2026-04-20 03:48:45,126 DEBUG yfinance: MSFT: OHLC after cleaning: 2026-04-14 04:00:00-04:00 -> 2026-04-20 06:48:13-04:00
2026-04-20 03:48:45,127 DEBUG yfinance: MSFT: OHLC after combining events: 2026-04-14 04:00:00-04:00 -> 2026-04-20 06:48:13-04:00
2026-04-20 03:48:45,131 DEBUG yfinance: MSFT: yfinance returning OHLC: 2026-04-14 04:00:00-04:00 -> 2026-04-20 06:00:00-04:00
2026-04-20 03:48:45,131 DEBUG yfinance: Exiting history()
2026-04-20 03:48:45,136 DEBUG yfinance: Entering history()
2026-04-20 03:48:45,136 DEBUG yfinance:  Entering history()
2026-04-20 03:48:45,136 DEBUG yfinance: MSFT: Yahoo GET parameters: {'range': '5d', 'interval': '1h', 'includePrePost': True, 'events': 'div,splits,capitalGains'}
2026-04-20 03:48:45,136 DEBUG yfinance:   Entering get()
2026-04-20 03:48:45,136 DEBUG yfinance:    Entering _make_request()
2026-04-20 03:48:45,136 DEBUG yfinance: url=https://query2.finance.yahoo.com/v8/finance/chart/MSFT
2026-04-20 03:48:45,136 DEBUG yfinance: params={'range': '5d', 'interval': '1h', 'includePrePost': True, 'events': 'div,splits,capitalGains'}
2026-04-20 03:48:45,136 DEBUG yfinance:     Entering _get_cookie_and_crumb()
2026-04-20 03:48:45,136 DEBUG yfinance: cookie_mode = 'basic'
2026-04-20 03:48:45,136 DEBUG yfinance:      Entering _get_cookie_and_crumb_basic()
2026-04-20 03:48:45,136 DEBUG yfinance:       Entering _get_cookie_basic()
2026-04-20 03:48:45,136 DEBUG yfinance: reusing cookie
2026-04-20 03:48:45,136 DEBUG yfinance:       Exiting _get_cookie_basic()
2026-04-20 03:48:45,136 DEBUG yfinance:       Entering _get_crumb_basic()
2026-04-20 03:48:45,136 DEBUG yfinance: reusing crumb
2026-04-20 03:48:45,136 DEBUG yfinance:       Exiting _get_crumb_basic()
2026-04-20 03:48:45,136 DEBUG yfinance:      Exiting _get_cookie_and_crumb_basic()
2026-04-20 03:48:45,136 DEBUG yfinance:     Exiting _get_cookie_and_crumb()
2026-04-20 03:48:45,155 DEBUG yfinance: response code=200
2026-04-20 03:48:45,156 DEBUG yfinance:    Exiting _make_request()
2026-04-20 03:48:45,156 DEBUG yfinance:   Exiting get()
2026-04-20 03:48:45,157 DEBUG yfinance: MSFT: yfinance received OHLC data: 2026-04-14 08:00:00 -> 2026-04-20 10:48:13
2026-04-20 03:48:45,157 DEBUG yfinance: MSFT: OHLC after cleaning: 2026-04-14 04:00:00-04:00 -> 2026-04-20 06:48:13-04:00
2026-04-20 03:48:45,158 DEBUG yfinance: MSFT: OHLC after combining events: 2026-04-14 04:00:00-04:00 -> 2026-04-20 06:48:13-04:00
2026-04-20 03:48:45,161 DEBUG yfinance: MSFT: yfinance returning OHLC: 2026-04-14 04:00:00-04:00 -> 2026-04-20 06:00:00-04:00
2026-04-20 03:48:45,161 DEBUG yfinance:  Exiting history()
2026-04-20 03:48:45,161 DEBUG yfinance: Exiting history()
2026-04-20 03:48:45,162 DEBUG yfinance: Entering get_shares_full()
2026-04-20 03:48:45,162 DEBUG yfinance:  Entering get()
2026-04-20 03:48:45,162 DEBUG yfinance:   Entering _make_request()
2026-04-20 03:48:45,162 DEBUG yfinance: url=https://query2.finance.yahoo.com/ws/fundamentals-timeseries/v1/finance/timeseries/MSFT?symbol=MSFT&period1=1729310400&period2=1776744000
2026-04-20 03:48:45,162 DEBUG yfinance: params=None
2026-04-20 03:48:45,162 DEBUG yfinance:    Entering _get_cookie_and_crumb()
2026-04-20 03:48:45,162 DEBUG yfinance: cookie_mode = 'basic'
2026-04-20 03:48:45,162 DEBUG yfinance:     Entering _get_cookie_and_crumb_basic()
2026-04-20 03:48:45,162 DEBUG yfinance:      Entering _get_cookie_basic()
2026-04-20 03:48:45,162 DEBUG yfinance: reusing cookie
2026-04-20 03:48:45,162 DEBUG yfinance:      Exiting _get_cookie_basic()
2026-04-20 03:48:45,162 DEBUG yfinance:      Entering _get_crumb_basic()
2026-04-20 03:48:45,162 DEBUG yfinance: reusing crumb
2026-04-20 03:48:45,162 DEBUG yfinance:      Exiting _get_crumb_basic()
2026-04-20 03:48:45,162 DEBUG yfinance:     Exiting _get_cookie_and_crumb_basic()
2026-04-20 03:48:45,162 DEBUG yfinance:    Exiting _get_cookie_and_crumb()
2026-04-20 03:48:45,193 DEBUG yfinance: response code=200
2026-04-20 03:48:45,193 DEBUG yfinance:    Exiting _make_request()
2026-04-20 03:48:45,193 DEBUG yfinance:   Exiting get()
2026-04-20 03:48:45,194 DEBUG yfinance: MSFT: yfinance received OHLC data: 2025-04-21 13:30:00 -> 2026-04-17 13:30:00
2026-04-20 03:48:45,193 DEBUG httpcore.http11: send_request_headers.started request=<Request [b'GET']>
2026-04-20 03:48:45,195 DEBUG yfinance: MSFT: OHLC after cleaning: 2025-04-21 09:30:00-04:00 -> 2026-04-17 09:30:00-04:00
2026-04-20 03:48:45,195 DEBUG httpcore.http11: send_request_headers.complete
2026-04-20 03:48:45,196 DEBUG httpcore.http11: send_request_body.started request=<Request [b'GET']>
2026-04-20 03:48:45,196 DEBUG httpcore.http11: send_request_body.complete
2026-04-20 03:48:45,196 DEBUG httpcore.http11: receive_response_headers.started request=<Request [b'GET']>
2026-04-20 03:48:45,199 DEBUG yfinance: MSFT: OHLC after combining events: 2025-04-21 00:00:00-04:00 -> 2026-04-17 00:00:00-04:00
2026-04-20 03:48:45,202 DEBUG yfinance: MSFT: yfinance returning OHLC: 2025-04-21 00:00:00-04:00 -> 2026-04-17 00:00:00-04:00
2026-04-20 03:48:45,202 DEBUG yfinance:  Exiting history()
2026-04-20 03:48:45,202 DEBUG yfinance: Exiting history()
2026-04-20 03:48:45,204 DEBUG yfinance: get_raw_json(): https://query2.finance.yahoo.com/v10/finance/quoteSummary/MSFT
2026-04-20 03:48:45,204 DEBUG yfinance: Entering get()
2026-04-20 03:48:45,204 DEBUG yfinance:  Entering _make_request()
2026-04-20 03:48:45,204 DEBUG yfinance: url=https://query2.finance.yahoo.com/v10/finance/quoteSummary/MSFT
2026-04-20 03:48:45,204 DEBUG yfinance: params={'modules': 'financialData,quoteType,defaultKeyStatistics,assetProfile,summaryDetail', 'corsDomain': 'finance.yahoo.com', 'formatted': 'false', 'symbol': 'MSFT'}
2026-04-20 03:48:45,204 DEBUG yfinance:   Entering _get_cookie_and_crumb()
2026-04-20 03:48:45,204 DEBUG yfinance: cookie_mode = 'basic'
2026-04-20 03:48:45,204 DEBUG yfinance:    Entering _get_cookie_and_crumb_basic()
2026-04-20 03:48:45,204 DEBUG yfinance:     Entering _get_cookie_basic()
2026-04-20 03:48:45,204 DEBUG yfinance: reusing cookie
2026-04-20 03:48:45,204 DEBUG yfinance:     Exiting _get_cookie_basic()
2026-04-20 03:48:45,204 DEBUG yfinance:     Entering _get_crumb_basic()
2026-04-20 03:48:45,204 DEBUG yfinance: reusing crumb
2026-04-20 03:48:45,204 DEBUG yfinance:     Exiting _get_crumb_basic()
2026-04-20 03:48:45,204 DEBUG yfinance:    Exiting _get_cookie_and_crumb_basic()
2026-04-20 03:48:45,204 DEBUG yfinance:   Exiting _get_cookie_and_crumb()
2026-04-20 03:48:45,213 DEBUG yfinance: response code=200
2026-04-20 03:48:45,213 DEBUG yfinance:   Exiting _make_request()
2026-04-20 03:48:45,213 DEBUG yfinance:  Exiting get()
2026-04-20 03:48:45,214 DEBUG yfinance: Exiting get_shares_full()
2026-04-20 03:48:45,216 DEBUG yfinance: Entering history()
2026-04-20 03:48:45,216 DEBUG peewee: ('SELECT "t1"."key", "t1"."value" FROM "_tz_kv" AS "t1" WHERE ("t1"."key" = ?) LIMIT ? OFFSET ?', ['MSFT', 1, 0])
2026-04-20 03:48:45,216 DEBUG yfinance:  Entering history()
2026-04-20 03:48:45,216 DEBUG yfinance: MSFT: Yahoo GET parameters: {'range': '2mo', 'interval': '1d', 'includePrePost': False, 'events': 'div,splits,capitalGains'}
2026-04-20 03:48:45,216 DEBUG yfinance:   Entering get()
2026-04-20 03:48:45,216 DEBUG yfinance:    Entering _make_request()
2026-04-20 03:48:45,216 DEBUG yfinance: url=https://query2.finance.yahoo.com/v8/finance/chart/MSFT
2026-04-20 03:48:45,217 DEBUG yfinance: params={'range': '2mo', 'interval': '1d', 'includePrePost': False, 'events': 'div,splits,capitalGains'}
2026-04-20 03:48:45,217 DEBUG yfinance:     Entering _get_cookie_and_crumb()
2026-04-20 03:48:45,217 DEBUG yfinance: cookie_mode = 'basic'
2026-04-20 03:48:45,217 DEBUG yfinance:      Entering _get_cookie_and_crumb_basic()
2026-04-20 03:48:45,217 DEBUG yfinance:       Entering _get_cookie_basic()
2026-04-20 03:48:45,217 DEBUG yfinance: reusing cookie
2026-04-20 03:48:45,217 DEBUG yfinance:       Exiting _get_cookie_basic()
2026-04-20 03:48:45,217 DEBUG yfinance:       Entering _get_crumb_basic()
2026-04-20 03:48:45,217 DEBUG yfinance: reusing crumb
2026-04-20 03:48:45,217 DEBUG yfinance:       Exiting _get_crumb_basic()
2026-04-20 03:48:45,217 DEBUG yfinance:      Exiting _get_cookie_and_crumb_basic()
2026-04-20 03:48:45,217 DEBUG yfinance:     Exiting _get_cookie_and_crumb()
2026-04-20 03:48:45,222 DEBUG httpcore.http11: receive_response_headers.complete return_value=(b'HTTP/1.1', 200, b'OK', [(b'Content-Type', b'text/plain'), (b'X-Frame-Options', b'SAMEORIGIN'), (b'x-amz-id-2', b'swZ4pC3Co5Qz6/tJ7n5JE6wPF62pcdV6Scrhph9wmtr2Voa814k4ZsFVX71GkNbg8xK9F3zc6H/tdoOVdSjk3NDt6i2PjJRa'), (b'x-amz-request-id', b'NVJCZY068R2Z8MH3'), (b'x-amz-replication-status', b'COMPLETED'), (b'Last-Modified', b'Mon, 08 Dec 2025 21:00:56 GMT'), (b'ETag', b'"f1056a478afd7148f5167c898f8fe808-gzip"'), (b'x-amz-server-side-encryption', b'AES256'), (b'x-amz-meta-mode', b'33188'), (b'x-amz-version-id', b'dH6sPF_VT0NbeD967cQ9_JkbQyMaywWV'), (b'Accept-Ranges', b'bytes'), (b'Content-Encoding', b'gzip'), (b'X-Content-Type-Options', b'nosniff'), (b'X-XSS-Protection', b'1; mode=block'), (b'Content-Length', b'35628'), (b'Date', b'Mon, 20 Apr 2026 10:48:44 GMT'), (b'Connection', b'keep-alive'), (b'Vary', b'Accept-Encoding'), (b'Strict-Transport-Security', b'max-age=31536000 ; includeSubDomains ; preload')])
2026-04-20 03:48:45,223 DEBUG filelock: Attempting to acquire lock 2432992542288 on C:\Users\aksha\.edgar\_tcache\www.sec.gov\Archives-edgar-data-789019-000119312525311196-0001193125-25-311196.txt.lock
2026-04-20 03:48:45,224 DEBUG filelock: Lock 2432992542288 acquired on C:\Users\aksha\.edgar\_tcache\www.sec.gov\Archives-edgar-data-789019-000119312525311196-0001193125-25-311196.txt.lock
2026-04-20 03:48:45,224 DEBUG httpcore.http11: receive_response_body.started request=<Request [b'GET']>
2026-04-20 03:48:45,229 DEBUG httpcore.http11: receive_response_body.complete
2026-04-20 03:48:45,229 DEBUG httpcore.http11: response_closed.started
2026-04-20 03:48:45,230 DEBUG httpcore.http11: response_closed.complete
2026-04-20 03:48:45,240 DEBUG filelock: Attempting to release lock 2432992542288 on C:\Users\aksha\.edgar\_tcache\www.sec.gov\Archives-edgar-data-789019-000119312525311196-0001193125-25-311196.txt.lock
2026-04-20 03:48:45,243 DEBUG filelock: Lock 2432992542288 released on C:\Users\aksha\.edgar\_tcache\www.sec.gov\Archives-edgar-data-789019-000119312525311196-0001193125-25-311196.txt.lock
2026-04-20 03:48:45,244 DEBUG yfinance: response code=200
2026-04-20 03:48:45,244 DEBUG yfinance:   Exiting _make_request()
2026-04-20 03:48:45,244 DEBUG yfinance:  Exiting get()
2026-04-20 03:48:45,263 DEBUG yfinance: Exiting _fetch_time_series()
2026-04-20 03:48:45,265 DEBUG yfinance: response code=200
2026-04-20 03:48:45,265 DEBUG yfinance:  Exiting _make_request()
2026-04-20 03:48:45,265 DEBUG yfinance: Exiting get()
2026-04-20 03:48:45,265 DEBUG yfinance: get_raw_json(): https://query1.finance.yahoo.com/v7/finance/quote?
2026-04-20 03:48:45,265 DEBUG yfinance: Entering get()
2026-04-20 03:48:45,265 DEBUG yfinance:  Entering _make_request()
2026-04-20 03:48:45,265 DEBUG yfinance: url=https://query1.finance.yahoo.com/v7/finance/quote?
2026-04-20 03:48:45,265 DEBUG yfinance: params={'symbols': 'MSFT', 'formatted': 'false'}
2026-04-20 03:48:45,265 DEBUG yfinance:   Entering _get_cookie_and_crumb()
2026-04-20 03:48:45,266 DEBUG yfinance: cookie_mode = 'basic'
2026-04-20 03:48:45,266 DEBUG yfinance:    Entering _get_cookie_and_crumb_basic()
2026-04-20 03:48:45,266 DEBUG yfinance:     Entering _get_cookie_basic()
2026-04-20 03:48:45,266 DEBUG yfinance: reusing cookie
2026-04-20 03:48:45,266 DEBUG yfinance:     Exiting _get_cookie_basic()
2026-04-20 03:48:45,266 DEBUG yfinance:     Entering _get_crumb_basic()
2026-04-20 03:48:45,266 DEBUG yfinance: reusing crumb
2026-04-20 03:48:45,266 DEBUG yfinance:     Exiting _get_crumb_basic()
2026-04-20 03:48:45,266 DEBUG yfinance:    Exiting _get_cookie_and_crumb_basic()
2026-04-20 03:48:45,266 DEBUG yfinance:   Exiting _get_cookie_and_crumb()
2026-04-20 03:48:45,305 DEBUG yfinance: response code=200
2026-04-20 03:48:45,305 DEBUG yfinance:    Exiting _make_request()
2026-04-20 03:48:45,305 DEBUG yfinance:   Exiting get()
2026-04-20 03:48:45,306 DEBUG yfinance: MSFT: yfinance received OHLC data: 2026-02-18 14:30:00 -> 2026-04-17 13:30:00
2026-04-20 03:48:45,307 DEBUG yfinance: MSFT: OHLC after cleaning: 2026-02-18 09:30:00-05:00 -> 2026-04-17 09:30:00-04:00
2026-04-20 03:48:45,310 DEBUG yfinance: MSFT: OHLC after combining events: 2026-02-18 00:00:00-05:00 -> 2026-04-17 00:00:00-04:00
2026-04-20 03:48:45,313 DEBUG yfinance: MSFT: yfinance returning OHLC: 2026-02-18 00:00:00-05:00 -> 2026-04-17 00:00:00-04:00
2026-04-20 03:48:45,313 DEBUG yfinance:  Exiting history()
2026-04-20 03:48:45,313 DEBUG yfinance: Exiting history()
2026-04-20 03:48:45,372 DEBUG httpcore.http11: send_request_headers.started request=<Request [b'GET']>
2026-04-20 03:48:45,372 DEBUG httpcore.http11: send_request_headers.complete
2026-04-20 03:48:45,372 DEBUG httpcore.http11: send_request_body.started request=<Request [b'GET']>
2026-04-20 03:48:45,372 DEBUG httpcore.http11: send_request_body.complete
2026-04-20 03:48:45,372 DEBUG httpcore.http11: receive_response_headers.started request=<Request [b'GET']>
2026-04-20 03:48:45,386 DEBUG yfinance: response code=200
2026-04-20 03:48:45,386 DEBUG yfinance:  Exiting _make_request()
2026-04-20 03:48:45,386 DEBUG yfinance: Exiting get()
2026-04-20 03:48:45,402 DEBUG httpcore.http11: receive_response_headers.complete return_value=(b'HTTP/1.1', 200, b'OK', [(b'Content-Type', b'text/plain'), (b'X-Frame-Options', b'SAMEORIGIN'), (b'x-amz-id-2', b'zvPaTH0W4stzwRhyHasc00Z9pAbhArOxVLi+SMLcmG3e/DZyfGj5mVtAYfQvSMmaCri8Y/jw64o='), (b'x-amz-request-id', b'XECDWS116N9NVRFT'), (b'x-amz-replication-status', b'COMPLETED'), (b'Last-Modified', b'Wed, 29 Oct 2025 20:08:10 GMT'), (b'ETag', b'"8dfd6dd6e995738a7c7f400194b1a056-gzip"'), (b'x-amz-server-side-encryption', b'AES256'), (b'x-amz-meta-mode', b'33188'), (b'x-amz-version-id', b'f2fuF0ePParIqKMU1bHOMl_VgOSxiFaL'), (b'Accept-Ranges', b'bytes'), (b'Content-Encoding', b'gzip'), (b'X-Content-Type-Options', b'nosniff'), (b'X-XSS-Protection', b'1; mode=block'), (b'Content-Length', b'4308202'), (b'Date', b'Mon, 20 Apr 2026 10:48:44 GMT'), (b'Connection', b'keep-alive'), (b'Vary', b'Accept-Encoding'), (b'Strict-Transport-Security', b'max-age=31536000 ; includeSubDomains ; preload')])
2026-04-20 03:48:45,403 DEBUG filelock: Attempting to acquire lock 2432993317456 on C:\Users\aksha\.edgar\_tcache\www.sec.gov\Archives-edgar-data-789019-000119312525256310-0001193125-25-256310.txt.lock
2026-04-20 03:48:45,403 DEBUG filelock: Lock 2432993317456 acquired on C:\Users\aksha\.edgar\_tcache\www.sec.gov\Archives-edgar-data-789019-000119312525256310-0001193125-25-256310.txt.lock
2026-04-20 03:48:45,404 DEBUG httpcore.http11: receive_response_body.started request=<Request [b'GET']>
2026-04-20 03:48:45,600 DEBUG httpcore.http11: receive_response_body.complete
2026-04-20 03:48:45,600 DEBUG httpcore.http11: response_closed.started
2026-04-20 03:48:45,600 DEBUG httpcore.http11: response_closed.complete
2026-04-20 03:48:45,613 DEBUG filelock: Attempting to release lock 2432993317456 on C:\Users\aksha\.edgar\_tcache\www.sec.gov\Archives-edgar-data-789019-000119312525256310-0001193125-25-256310.txt.lock
2026-04-20 03:48:45,614 DEBUG filelock: Lock 2432993317456 released on C:\Users\aksha\.edgar\_tcache\www.sec.gov\Archives-edgar-data-789019-000119312525256310-0001193125-25-256310.txt.lock
2026-04-20 03:48:45,746 DEBUG httpcore.http11: send_request_headers.started request=<Request [b'GET']>
2026-04-20 03:48:45,746 DEBUG httpcore.http11: send_request_headers.complete
2026-04-20 03:48:45,746 DEBUG httpcore.http11: send_request_body.started request=<Request [b'GET']>
2026-04-20 03:48:45,746 DEBUG httpcore.http11: send_request_body.complete
2026-04-20 03:48:45,746 DEBUG httpcore.http11: receive_response_headers.started request=<Request [b'GET']>
2026-04-20 03:48:45,782 DEBUG httpcore.http11: receive_response_headers.complete return_value=(b'HTTP/1.1', 200, b'OK', [(b'Content-Type', b'text/plain'), (b'X-Frame-Options', b'SAMEORIGIN'), (b'x-amz-id-2', b'c+KY9roqNeLUanP7uzDFdv9X4MPOFNYS+rVCLaZOcYLKsD75fvGJoj4NXGMlz0oPqWIhBcgznyI='), (b'x-amz-request-id', b'XECCNG31YP7NN3T2'), (b'x-amz-replication-status', b'COMPLETED'), (b'Last-Modified', b'Tue, 30 Sep 2025 20:37:40 GMT'), (b'ETag', b'"ba65358fc35f10c6e26f7de6d579c8e6-gzip"'), (b'x-amz-server-side-encryption', b'AES256'), (b'x-amz-meta-mode', b'33188'), (b'x-amz-version-id', b'Bh2k5N3Mi1zuFD6_beuZV48XkyEGF3Br'), (b'Accept-Ranges', b'bytes'), (b'Content-Encoding', b'gzip'), (b'X-Content-Type-Options', b'nosniff'), (b'X-XSS-Protection', b'1; mode=block'), (b'Content-Length', b'28875'), (b'Date', b'Mon, 20 Apr 2026 10:48:44 GMT'), (b'Connection', b'keep-alive'), (b'Vary', b'Accept-Encoding'), (b'Strict-Transport-Security', b'max-age=31536000 ; includeSubDomains ; preload')])
2026-04-20 03:48:45,784 DEBUG filelock: Attempting to acquire lock 2432993364160 on C:\Users\aksha\.edgar\_tcache\www.sec.gov\Archives-edgar-data-789019-000119312525225125-0001193125-25-225125.txt.lock
2026-04-20 03:48:45,786 DEBUG filelock: Lock 2432993364160 acquired on C:\Users\aksha\.edgar\_tcache\www.sec.gov\Archives-edgar-data-789019-000119312525225125-0001193125-25-225125.txt.lock
2026-04-20 03:48:45,786 DEBUG httpcore.http11: receive_response_body.started request=<Request [b'GET']>
2026-04-20 03:48:45,787 DEBUG httpcore.http11: receive_response_body.complete
2026-04-20 03:48:45,787 DEBUG httpcore.http11: response_closed.started
2026-04-20 03:48:45,787 DEBUG httpcore.http11: response_closed.complete
2026-04-20 03:48:45,798 DEBUG filelock: Attempting to release lock 2432993364160 on C:\Users\aksha\.edgar\_tcache\www.sec.gov\Archives-edgar-data-789019-000119312525225125-0001193125-25-225125.txt.lock
2026-04-20 03:48:45,798 DEBUG filelock: Lock 2432993364160 released on C:\Users\aksha\.edgar\_tcache\www.sec.gov\Archives-edgar-data-789019-000119312525225125-0001193125-25-225125.txt.lock
2026-04-20 03:48:45,923 DEBUG httpcore.http11: send_request_headers.started request=<Request [b'GET']>
2026-04-20 03:48:45,923 DEBUG httpcore.http11: send_request_headers.complete
2026-04-20 03:48:45,923 DEBUG httpcore.http11: send_request_body.started request=<Request [b'GET']>
2026-04-20 03:48:45,923 DEBUG httpcore.http11: send_request_body.complete
2026-04-20 03:48:45,923 DEBUG httpcore.http11: receive_response_headers.started request=<Request [b'GET']>
2026-04-20 03:48:45,952 DEBUG httpcore.http11: receive_response_headers.complete return_value=(b'HTTP/1.1', 200, b'OK', [(b'Content-Type', b'text/plain'), (b'X-Frame-Options', b'SAMEORIGIN'), (b'x-amz-id-2', b'2lBZPtTQAUdNDazS3ZrN7hWgO9x5rN4kxqpsStJN2Z27iUs9XOJXp3MaHT3nkvDpvqyOUbN3/Xo='), (b'x-amz-request-id', b'KPAZ09V0J5HXME6A'), (b'x-amz-replication-status', b'COMPLETED'), (b'Last-Modified', b'Wed, 30 Jul 2025 20:09:16 GMT'), (b'ETag', b'"ff135146c6606c5acea5f8620efc502c-gzip"'), (b'x-amz-server-side-encryption', b'AES256'), (b'x-amz-meta-mode', b'33188'), (b'x-amz-version-id', b'eKFcbfo43vctkxJBUw58vkucgifBmJM4'), (b'Accept-Ranges', b'bytes'), (b'Content-Encoding', b'gzip'), (b'X-Content-Type-Options', b'nosniff'), (b'X-XSS-Protection', b'1; mode=block'), (b'Content-Length', b'78468'), (b'Date', b'Mon, 20 Apr 2026 10:48:45 GMT'), (b'Connection', b'keep-alive'), (b'Vary', b'Accept-Encoding'), (b'Strict-Transport-Security', b'max-age=31536000 ; includeSubDomains ; preload')])
2026-04-20 03:48:45,957 DEBUG filelock: Attempting to acquire lock 2432993367520 on C:\Users\aksha\.edgar\_tcache\www.sec.gov\Archives-edgar-data-789019-000095017025100226-0000950170-25-100226.txt.lock
2026-04-20 03:48:45,960 DEBUG filelock: Lock 2432993367520 acquired on C:\Users\aksha\.edgar\_tcache\www.sec.gov\Archives-edgar-data-789019-000095017025100226-0000950170-25-100226.txt.lock
2026-04-20 03:48:45,961 DEBUG httpcore.http11: receive_response_body.started request=<Request [b'GET']>
2026-04-20 03:48:45,963 DEBUG httpcore.http11: receive_response_body.complete
2026-04-20 03:48:45,963 DEBUG httpcore.http11: response_closed.started
2026-04-20 03:48:45,963 DEBUG httpcore.http11: response_closed.complete
2026-04-20 03:48:45,974 DEBUG filelock: Attempting to release lock 2432993367520 on C:\Users\aksha\.edgar\_tcache\www.sec.gov\Archives-edgar-data-789019-000095017025100226-0000950170-25-100226.txt.lock
2026-04-20 03:48:45,975 DEBUG filelock: Lock 2432993367520 released on C:\Users\aksha\.edgar\_tcache\www.sec.gov\Archives-edgar-data-789019-000095017025100226-0000950170-25-100226.txt.lock
2026-04-20 03:48:46,100 DEBUG httpcore.http11: send_request_headers.started request=<Request [b'GET']>
2026-04-20 03:48:46,100 DEBUG httpcore.http11: send_request_headers.complete
2026-04-20 03:48:46,100 DEBUG httpcore.http11: send_request_body.started request=<Request [b'GET']>
2026-04-20 03:48:46,101 DEBUG httpcore.http11: send_request_body.complete
2026-04-20 03:48:46,101 DEBUG httpcore.http11: receive_response_headers.started request=<Request [b'GET']>
2026-04-20 03:48:46,129 DEBUG httpcore.http11: receive_response_headers.complete return_value=(b'HTTP/1.1', 200, b'OK', [(b'Content-Type', b'text/plain'), (b'X-Frame-Options', b'SAMEORIGIN'), (b'x-amz-id-2', b'6AA79MeLol3M0VZ0NfQyW8K+RHWt91CZwYTvmq4BI+KesCsr3od0pcpMc/CTiEdCEy2so2UKv2Q='), (b'x-amz-request-id', b'KPAZM3DX02ZDMM2F'), (b'x-amz-replication-status', b'COMPLETED'), (b'Last-Modified', b'Tue, 01 Jul 2025 21:01:21 GMT'), (b'ETag', b'"bcb93da33e7660bb3920c929af6a2c52-gzip"'), (b'x-amz-server-side-encryption', b'AES256'), (b'x-amz-meta-mode', b'33188'), (b'x-amz-version-id', b'bna42Fl7WqrCXYdsTVjRcK02NO2PmW9c'), (b'Accept-Ranges', b'bytes'), (b'Content-Encoding', b'gzip'), (b'X-Content-Type-Options', b'nosniff'), (b'X-XSS-Protection', b'1; mode=block'), (b'Content-Length', b'75054'), (b'Date', b'Mon, 20 Apr 2026 10:48:45 GMT'), (b'Connection', b'keep-alive'), (b'Vary', b'Accept-Encoding'), (b'Strict-Transport-Security', b'max-age=31536000 ; includeSubDomains ; preload')])
2026-04-20 03:48:46,130 DEBUG filelock: Attempting to acquire lock 2432994206544 on C:\Users\aksha\.edgar\_tcache\www.sec.gov\Archives-edgar-data-789019-000119312525154103-0001193125-25-154103.txt.lock
2026-04-20 03:48:46,131 DEBUG filelock: Lock 2432994206544 acquired on C:\Users\aksha\.edgar\_tcache\www.sec.gov\Archives-edgar-data-789019-000119312525154103-0001193125-25-154103.txt.lock
2026-04-20 03:48:46,132 DEBUG httpcore.http11: receive_response_body.started request=<Request [b'GET']>
2026-04-20 03:48:46,134 DEBUG httpcore.http11: receive_response_body.complete
2026-04-20 03:48:46,134 DEBUG httpcore.http11: response_closed.started
2026-04-20 03:48:46,134 DEBUG httpcore.http11: response_closed.complete
2026-04-20 03:48:46,145 DEBUG filelock: Attempting to release lock 2432994206544 on C:\Users\aksha\.edgar\_tcache\www.sec.gov\Archives-edgar-data-789019-000119312525154103-0001193125-25-154103.txt.lock
2026-04-20 03:48:46,145 DEBUG filelock: Lock 2432994206544 released on C:\Users\aksha\.edgar\_tcache\www.sec.gov\Archives-edgar-data-789019-000119312525154103-0001193125-25-154103.txt.lock
2026-04-20 03:48:46,270 DEBUG httpcore.http11: send_request_headers.started request=<Request [b'GET']>
2026-04-20 03:48:46,270 DEBUG httpcore.http11: send_request_headers.complete
2026-04-20 03:48:46,270 DEBUG httpcore.http11: send_request_body.started request=<Request [b'GET']>
2026-04-20 03:48:46,270 DEBUG httpcore.http11: send_request_body.complete
2026-04-20 03:48:46,270 DEBUG httpcore.http11: receive_response_headers.started request=<Request [b'GET']>
2026-04-20 03:48:46,299 DEBUG httpcore.http11: receive_response_headers.complete return_value=(b'HTTP/1.1', 200, b'OK', [(b'Content-Type', b'text/plain'), (b'X-Frame-Options', b'SAMEORIGIN'), (b'x-amz-id-2', b'l2FRpSdmZbLHXniW1qIivNTkYQpdNZIxxLtZDCmfmmMDoudlORUKSz2EgLAorwAfCsBiUELVm/w5S5ZII5+ksKpUWufS88Xt'), (b'x-amz-request-id', b'2RGCKR6K2Q574F8P'), (b'x-amz-replication-status', b'COMPLETED'), (b'Last-Modified', b'Wed, 30 Apr 2025 20:06:23 GMT'), (b'ETag', b'"8dc267377e850827a481f045e6c2e051-gzip"'), (b'x-amz-server-side-encryption', b'AES256'), (b'x-amz-meta-mode', b'33188'), (b'x-amz-version-id', b'Rind0zpJTIbacwwfEI7QWISnfYQwMLHL'), (b'Accept-Ranges', b'bytes'), (b'Content-Encoding', b'gzip'), (b'X-Content-Type-Options', b'nosniff'), (b'X-XSS-Protection', b'1; mode=block'), (b'Content-Length', b'82063'), (b'Date', b'Mon, 20 Apr 2026 10:48:45 GMT'), (b'Connection', b'keep-alive'), (b'Vary', b'Accept-Encoding'), (b'Strict-Transport-Security', b'max-age=31536000 ; includeSubDomains ; preload')])
2026-04-20 03:48:46,301 DEBUG filelock: Attempting to acquire lock 2432994201168 on C:\Users\aksha\.edgar\_tcache\www.sec.gov\Archives-edgar-data-789019-000095017025061032-0000950170-25-061032.txt.lock
2026-04-20 03:48:46,302 DEBUG filelock: Lock 2432994201168 acquired on C:\Users\aksha\.edgar\_tcache\www.sec.gov\Archives-edgar-data-789019-000095017025061032-0000950170-25-061032.txt.lock
2026-04-20 03:48:46,302 DEBUG httpcore.http11: receive_response_body.started request=<Request [b'GET']>
2026-04-20 03:48:46,304 DEBUG httpcore.http11: receive_response_body.complete
2026-04-20 03:48:46,304 DEBUG httpcore.http11: response_closed.started
2026-04-20 03:48:46,304 DEBUG httpcore.http11: response_closed.complete
2026-04-20 03:48:46,315 DEBUG filelock: Attempting to release lock 2432994201168 on C:\Users\aksha\.edgar\_tcache\www.sec.gov\Archives-edgar-data-789019-000095017025061032-0000950170-25-061032.txt.lock
2026-04-20 03:48:46,316 DEBUG filelock: Lock 2432994201168 released on C:\Users\aksha\.edgar\_tcache\www.sec.gov\Archives-edgar-data-789019-000095017025061032-0000950170-25-061032.txt.lock
2026-04-20 03:48:46,442 DEBUG httpcore.http11: send_request_headers.started request=<Request [b'GET']>
2026-04-20 03:48:46,442 DEBUG httpcore.http11: send_request_headers.complete
2026-04-20 03:48:46,442 DEBUG httpcore.http11: send_request_body.started request=<Request [b'GET']>
2026-04-20 03:48:46,442 DEBUG httpcore.http11: send_request_body.complete
2026-04-20 03:48:46,442 DEBUG httpcore.http11: receive_response_headers.started request=<Request [b'GET']>
2026-04-20 03:48:46,472 DEBUG httpcore.http11: receive_response_headers.complete return_value=(b'HTTP/1.1', 200, b'OK', [(b'Content-Type', b'text/plain'), (b'X-Frame-Options', b'SAMEORIGIN'), (b'x-amz-id-2', b'I5g9oQbgYAq5RyFm4aqUm8aEw6u8ld1trKXLFfiTvXoGVz7XgyPjABYk/tIVZvC5oJ7Vr83QL5s='), (b'x-amz-request-id', b'DWBX8CP0AG0A9BAH'), (b'x-amz-replication-status', b'COMPLETED'), (b'Last-Modified', b'Wed, 29 Jan 2025 21:09:22 GMT'), (b'ETag', b'"db293704e9a7dfdf0dfa8075bf148af1-gzip"'), (b'x-amz-server-side-encryption', b'AES256'), (b'x-amz-meta-mode', b'33188'), (b'x-amz-version-id', b'meuPh66N8l4uyhAsamcSvevF4f_0OzjW'), (b'Accept-Ranges', b'bytes'), (b'Content-Encoding', b'gzip'), (b'X-Content-Type-Options', b'nosniff'), (b'X-XSS-Protection', b'1; mode=block'), (b'Content-Length', b'81312'), (b'Date', b'Mon, 20 Apr 2026 10:48:45 GMT'), (b'Connection', b'keep-alive'), (b'Vary', b'Accept-Encoding'), (b'Strict-Transport-Security', b'max-age=31536000 ; includeSubDomains ; preload')])
2026-04-20 03:48:46,473 DEBUG filelock: Attempting to acquire lock 2432993893152 on C:\Users\aksha\.edgar\_tcache\www.sec.gov\Archives-edgar-data-789019-000095017025010484-0000950170-25-010484.txt.lock
2026-04-20 03:48:46,473 DEBUG filelock: Lock 2432993893152 acquired on C:\Users\aksha\.edgar\_tcache\www.sec.gov\Archives-edgar-data-789019-000095017025010484-0000950170-25-010484.txt.lock
2026-04-20 03:48:46,474 DEBUG httpcore.http11: receive_response_body.started request=<Request [b'GET']>
2026-04-20 03:48:46,476 DEBUG httpcore.http11: receive_response_body.complete
2026-04-20 03:48:46,476 DEBUG httpcore.http11: response_closed.started
2026-04-20 03:48:46,476 DEBUG httpcore.http11: response_closed.complete
2026-04-20 03:48:46,486 DEBUG filelock: Attempting to release lock 2432993893152 on C:\Users\aksha\.edgar\_tcache\www.sec.gov\Archives-edgar-data-789019-000095017025010484-0000950170-25-010484.txt.lock
2026-04-20 03:48:46,487 DEBUG filelock: Lock 2432993893152 released on C:\Users\aksha\.edgar\_tcache\www.sec.gov\Archives-edgar-data-789019-000095017025010484-0000950170-25-010484.txt.lock
2026-04-20 03:48:46,612 DEBUG httpcore.http11: send_request_headers.started request=<Request [b'GET']>
2026-04-20 03:48:46,612 DEBUG httpcore.http11: send_request_headers.complete
2026-04-20 03:48:46,612 DEBUG httpcore.http11: send_request_body.started request=<Request [b'GET']>
2026-04-20 03:48:46,612 DEBUG httpcore.http11: send_request_body.complete
2026-04-20 03:48:46,612 DEBUG httpcore.http11: receive_response_headers.started request=<Request [b'GET']>
2026-04-20 03:48:46,636 DEBUG httpcore.http11: receive_response_headers.complete return_value=(b'HTTP/1.1', 200, b'OK', [(b'Content-Type', b'text/plain'), (b'X-Frame-Options', b'SAMEORIGIN'), (b'x-amz-id-2', b'4Fa5lWm7DVN/bp4CJ43gjhkXKSlKdM0e3YBEUf4t4YokcYqgBiM433U3qjErmTRC0GA1GljN9RV5GdqgqYBnz4ckEzHef7PAGVElaheqRbs='), (b'x-amz-request-id', b'DWBQ5YATP6NZ3GTY'), (b'x-amz-replication-status', b'COMPLETED'), (b'Last-Modified', b'Wed, 22 Jan 2025 22:15:59 GMT'), (b'ETag', b'"e6d60f3d0275fa4b0c47b0e5042140e6-gzip"'), (b'x-amz-server-side-encryption', b'AES256'), (b'x-amz-meta-mode', b'33188'), (b'x-amz-version-id', b'Nf4usX3YymmQa7qtoz1hjxJqOO_C9dpA'), (b'Accept-Ranges', b'bytes'), (b'Content-Encoding', b'gzip'), (b'X-Content-Type-Options', b'nosniff'), (b'X-XSS-Protection', b'1; mode=block'), (b'Content-Length', b'34701'), (b'Date', b'Mon, 20 Apr 2026 10:48:45 GMT'), (b'Connection', b'keep-alive'), (b'Vary', b'Accept-Encoding'), (b'Strict-Transport-Security', b'max-age=31536000 ; includeSubDomains ; preload')])
2026-04-20 03:48:46,637 DEBUG filelock: Attempting to acquire lock 2432994386832 on C:\Users\aksha\.edgar\_tcache\www.sec.gov\Archives-edgar-data-789019-000119312525010492-0001193125-25-010492.txt.lock
2026-04-20 03:48:46,638 DEBUG filelock: Lock 2432994386832 acquired on C:\Users\aksha\.edgar\_tcache\www.sec.gov\Archives-edgar-data-789019-000119312525010492-0001193125-25-010492.txt.lock
2026-04-20 03:48:46,638 DEBUG httpcore.http11: receive_response_body.started request=<Request [b'GET']>
2026-04-20 03:48:46,639 DEBUG httpcore.http11: receive_response_body.complete
2026-04-20 03:48:46,639 DEBUG httpcore.http11: response_closed.started
2026-04-20 03:48:46,639 DEBUG httpcore.http11: response_closed.complete
2026-04-20 03:48:46,650 DEBUG filelock: Attempting to release lock 2432994386832 on C:\Users\aksha\.edgar\_tcache\www.sec.gov\Archives-edgar-data-789019-000119312525010492-0001193125-25-010492.txt.lock
2026-04-20 03:48:46,650 DEBUG filelock: Lock 2432994386832 released on C:\Users\aksha\.edgar\_tcache\www.sec.gov\Archives-edgar-data-789019-000119312525010492-0001193125-25-010492.txt.lock
2026-04-20 03:48:46,775 DEBUG httpcore.http11: send_request_headers.started request=<Request [b'GET']>
2026-04-20 03:48:46,775 DEBUG httpcore.http11: send_request_headers.complete
2026-04-20 03:48:46,775 DEBUG httpcore.http11: send_request_body.started request=<Request [b'GET']>
2026-04-20 03:48:46,775 DEBUG httpcore.http11: send_request_body.complete
2026-04-20 03:48:46,775 DEBUG httpcore.http11: receive_response_headers.started request=<Request [b'GET']>
2026-04-20 03:48:46,817 DEBUG httpcore.http11: receive_response_headers.complete return_value=(b'HTTP/1.1', 200, b'OK', [(b'Content-Type', b'text/plain'), (b'X-Frame-Options', b'SAMEORIGIN'), (b'x-amz-id-2', b'iuFxsGGupeXiuQcgzRzXuw6ED6kngmzg/hzUqeE+hcvBfMHfDKoUl8LtecMcXuPiWWhScfouJgo='), (b'x-amz-request-id', b'DWBKDB4TCET4JFS4'), (b'x-amz-replication-status', b'COMPLETED'), (b'Last-Modified', b'Wed, 11 Dec 2024 21:01:51 GMT'), (b'ETag', b'"1d66e3e355f8979c815e3f8faafd3690-gzip"'), (b'x-amz-server-side-encryption', b'AES256'), (b'x-amz-meta-mode', b'33188'), (b'x-amz-version-id', b'rcNp26jjAF3MDhBLC7S2gDoSEQCOM4VJ'), (b'Accept-Ranges', b'bytes'), (b'Content-Encoding', b'gzip'), (b'X-Content-Type-Options', b'nosniff'), (b'X-XSS-Protection', b'1; mode=block'), (b'Content-Length', b'42779'), (b'Date', b'Mon, 20 Apr 2026 10:48:46 GMT'), (b'Connection', b'keep-alive'), (b'Vary', b'Accept-Encoding'), (b'Strict-Transport-Security', b'max-age=31536000 ; includeSubDomains ; preload')])
2026-04-20 03:48:46,818 DEBUG filelock: Attempting to acquire lock 2432994380112 on C:\Users\aksha\.edgar\_tcache\www.sec.gov\Archives-edgar-data-789019-000119312524275524-0001193125-24-275524.txt.lock
2026-04-20 03:48:46,819 DEBUG filelock: Lock 2432994380112 acquired on C:\Users\aksha\.edgar\_tcache\www.sec.gov\Archives-edgar-data-789019-000119312524275524-0001193125-24-275524.txt.lock
2026-04-20 03:48:46,819 DEBUG httpcore.http11: receive_response_body.started request=<Request [b'GET']>
2026-04-20 03:48:46,820 DEBUG httpcore.http11: receive_response_body.complete
2026-04-20 03:48:46,820 DEBUG httpcore.http11: response_closed.started
2026-04-20 03:48:46,820 DEBUG httpcore.http11: response_closed.complete
2026-04-20 03:48:46,831 DEBUG filelock: Attempting to release lock 2432994380112 on C:\Users\aksha\.edgar\_tcache\www.sec.gov\Archives-edgar-data-789019-000119312524275524-0001193125-24-275524.txt.lock
2026-04-20 03:48:46,832 DEBUG filelock: Lock 2432994380112 released on C:\Users\aksha\.edgar\_tcache\www.sec.gov\Archives-edgar-data-789019-000119312524275524-0001193125-24-275524.txt.lock
2026-04-20 03:48:46,964 INFO edgar.core: Identity of the Edgar REST client set to [Akshay Narkar akshaynarkar@gmail.com]
2026-04-20 03:48:46,964 WARNING orca: get_peers: no EDGAR companies found for SIC 7372
2026-04-20 03:48:47,035 INFO engine.rule_loader: Loaded 63 rules from rules.yaml
2026-04-20 03:48:47,035 DEBUG yfinance: get_raw_json(): https://query2.finance.yahoo.com/v10/finance/quoteSummary/MSFT
2026-04-20 03:48:47,035 DEBUG yfinance: Entering get()
2026-04-20 03:48:47,035 DEBUG yfinance:  Entering _make_request()
2026-04-20 03:48:47,035 DEBUG yfinance: url=https://query2.finance.yahoo.com/v10/finance/quoteSummary/MSFT
2026-04-20 03:48:47,035 DEBUG yfinance: params={'modules': 'calendarEvents', 'corsDomain': 'finance.yahoo.com', 'formatted': 'false', 'symbol': 'MSFT'}
2026-04-20 03:48:47,035 DEBUG yfinance:   Entering _get_cookie_and_crumb()
2026-04-20 03:48:47,035 DEBUG yfinance: cookie_mode = 'basic'
2026-04-20 03:48:47,035 DEBUG yfinance:    Entering _get_cookie_and_crumb_basic()
2026-04-20 03:48:47,035 DEBUG yfinance:     Entering _get_cookie_basic()
2026-04-20 03:48:47,035 DEBUG yfinance: reusing cookie
2026-04-20 03:48:47,036 DEBUG yfinance:     Exiting _get_cookie_basic()
2026-04-20 03:48:47,036 DEBUG yfinance:     Entering _get_crumb_basic()
2026-04-20 03:48:47,036 DEBUG yfinance: reusing crumb
2026-04-20 03:48:47,036 DEBUG yfinance:     Exiting _get_crumb_basic()
2026-04-20 03:48:47,036 DEBUG yfinance:    Exiting _get_cookie_and_crumb_basic()
2026-04-20 03:48:47,036 DEBUG yfinance:   Exiting _get_cookie_and_crumb()
2026-04-20 03:48:47,199 DEBUG yfinance: response code=200
2026-04-20 03:48:47,199 DEBUG yfinance:  Exiting _make_request()
2026-04-20 03:48:47,199 DEBUG yfinance: Exiting get()
2026-04-20 03:48:47,202 DEBUG orca: evaluate_rule(INS-01): No module named 'asteval'
2026-04-20 03:48:47,202 DEBUG orca: evaluate_rule(INS-02): No module named 'asteval'
2026-04-20 03:48:47,202 DEBUG orca: evaluate_rule(INS-03): No module named 'asteval'
2026-04-20 03:48:47,202 DEBUG orca: evaluate_rule(INS-04): No module named 'asteval'
2026-04-20 03:48:47,202 DEBUG orca: evaluate_rule(INS-05): No module named 'asteval'
2026-04-20 03:48:47,202 DEBUG orca: evaluate_rule(INS-06): No module named 'asteval'
2026-04-20 03:48:47,203 DEBUG orca: evaluate_rule(INS-07): No module named 'asteval'
2026-04-20 03:48:47,203 DEBUG orca: evaluate_rule(INS-08): No module named 'asteval'
2026-04-20 03:48:47,203 DEBUG orca: evaluate_rule(INS-09): No module named 'asteval'
2026-04-20 03:48:47,203 DEBUG orca: evaluate_rule(FIL-01): No module named 'asteval'
2026-04-20 03:48:47,203 DEBUG orca: evaluate_rule(FIL-02): No module named 'asteval'
2026-04-20 03:48:47,203 DEBUG orca: evaluate_rule(FIL-03): No module named 'asteval'
2026-04-20 03:48:47,204 DEBUG orca: evaluate_rule(FIL-04): No module named 'asteval'
2026-04-20 03:48:47,204 DEBUG orca: evaluate_rule(FIL-05): No module named 'asteval'
2026-04-20 03:48:47,204 DEBUG orca: evaluate_rule(FIL-06): No module named 'asteval'
2026-04-20 03:48:47,204 DEBUG orca: evaluate_rule(FIL-07): No module named 'asteval'
2026-04-20 03:48:47,204 DEBUG orca: evaluate_rule(FIL-08): No module named 'asteval'
2026-04-20 03:48:47,204 DEBUG orca: evaluate_rule(FIL-09): No module named 'asteval'
2026-04-20 03:48:47,205 DEBUG orca: evaluate_rule(FIL-10): No module named 'asteval'
2026-04-20 03:48:47,205 DEBUG orca: evaluate_rule(FIL-11): No module named 'asteval'
2026-04-20 03:48:47,205 DEBUG orca: evaluate_rule(FIL-12): No module named 'asteval'
2026-04-20 03:48:47,205 DEBUG orca: evaluate_rule(FIL-13): No module named 'asteval'
2026-04-20 03:48:47,205 DEBUG orca: evaluate_rule(FIL-14): No module named 'asteval'
2026-04-20 03:48:47,205 DEBUG orca: evaluate_rule(FUN-01): No module named 'asteval'
2026-04-20 03:48:47,206 DEBUG orca: evaluate_rule(FUN-02): No module named 'asteval'
2026-04-20 03:48:47,206 DEBUG orca: evaluate_rule(FUN-03): No module named 'asteval'
2026-04-20 03:48:47,206 DEBUG orca: evaluate_rule(FUN-04): No module named 'asteval'
2026-04-20 03:48:47,206 DEBUG orca: evaluate_rule(FUN-05): No module named 'asteval'
2026-04-20 03:48:47,206 DEBUG orca: evaluate_rule(FUN-06): No module named 'asteval'
2026-04-20 03:48:47,206 DEBUG orca: evaluate_rule(FUN-07): No module named 'asteval'
2026-04-20 03:48:47,206 DEBUG orca: evaluate_rule(FUN-08): No module named 'asteval'
2026-04-20 03:48:47,207 DEBUG orca: evaluate_rule(FUN-09): No module named 'asteval'
2026-04-20 03:48:47,207 DEBUG orca: evaluate_rule(FUN-10): No module named 'asteval'
2026-04-20 03:48:47,207 DEBUG orca: evaluate_rule(FUN-11): No module named 'asteval'
2026-04-20 03:48:47,207 DEBUG orca: evaluate_rule(FUN-12): No module named 'asteval'
2026-04-20 03:48:47,207 DEBUG orca: evaluate_rule(PRC-01): No module named 'asteval'
2026-04-20 03:48:47,207 DEBUG orca: evaluate_rule(PRC-02): No module named 'asteval'
2026-04-20 03:48:47,208 DEBUG orca: evaluate_rule(PRC-03): No module named 'asteval'
2026-04-20 03:48:47,208 DEBUG orca: evaluate_rule(PRC-04): No module named 'asteval'
2026-04-20 03:48:47,208 DEBUG orca: evaluate_rule(PRC-05): No module named 'asteval'
2026-04-20 03:48:47,208 DEBUG orca: evaluate_rule(PRC-06): No module named 'asteval'
2026-04-20 03:48:47,208 DEBUG orca: evaluate_rule(PRC-07): No module named 'asteval'
2026-04-20 03:48:47,208 DEBUG orca: evaluate_rule(PRC-08): No module named 'asteval'
2026-04-20 03:48:47,208 DEBUG orca: evaluate_rule(PRC-09): No module named 'asteval'
2026-04-20 03:48:47,209 DEBUG orca: evaluate_rule(MAC-01): No module named 'asteval'
2026-04-20 03:48:47,209 DEBUG orca: evaluate_rule(MAC-02): No module named 'asteval'
2026-04-20 03:48:47,209 DEBUG orca: evaluate_rule(MAC-03): No module named 'asteval'
2026-04-20 03:48:47,209 DEBUG orca: evaluate_rule(MAC-04): No module named 'asteval'
2026-04-20 03:48:47,209 DEBUG orca: evaluate_rule(MAC-05): No module named 'asteval'
2026-04-20 03:48:47,209 DEBUG orca: evaluate_rule(MAC-06): No module named 'asteval'
2026-04-20 03:48:47,210 DEBUG orca: evaluate_rule(MAC-07): No module named 'asteval'
2026-04-20 03:48:47,210 DEBUG orca: evaluate_rule(MAC-08): No module named 'asteval'
2026-04-20 03:48:47,210 DEBUG orca: evaluate_rule(MAC-09): No module named 'asteval'
2026-04-20 03:48:47,210 DEBUG orca: evaluate_rule(MAC-10): No module named 'asteval'
2026-04-20 03:48:47,210 DEBUG orca: _evaluate_cmp_rule(CMP-01): No module named 'asteval'
2026-04-20 03:48:47,210 DEBUG orca: _evaluate_cmp_rule(CMP-02): No module named 'asteval'
2026-04-20 03:48:47,210 DEBUG orca: _evaluate_cmp_rule(CMP-03): No module named 'asteval'
2026-04-20 03:48:47,211 DEBUG orca: _evaluate_cmp_rule(CMP-04): No module named 'asteval'
2026-04-20 03:48:47,211 DEBUG orca: _evaluate_cmp_rule(CMP-05): No module named 'asteval'
2026-04-20 03:48:47,211 DEBUG orca: _evaluate_cmp_rule(CMP-06): No module named 'asteval'
2026-04-20 03:48:47,211 DEBUG orca: _evaluate_cmp_rule(CMP-07): No module named 'asteval'
2026-04-20 03:48:47,211 DEBUG orca: _evaluate_cmp_rule(CMP-08): No module named 'asteval'
2026-04-20 03:48:47,211 DEBUG orca: _evaluate_cmp_rule(CMP-09): No module named 'asteval'
2026-04-20 03:48:52,558 INFO edgar.core: Identity of the Edgar REST client set to [Akshay Narkar akshaynarkar@gmail.com]
2026-04-20 03:48:52,559 DEBUG yfinance: Entering _fetch_time_series()
2026-04-20 03:48:52,561 INFO edgar.core: Identity of the Edgar REST client set to [Akshay Narkar akshaynarkar@gmail.com]
2026-04-20 03:48:52,570 INFO edgar.core: Identity of the Edgar REST client set to [Akshay Narkar akshaynarkar@gmail.com]
2026-04-20 03:48:52,571 DEBUG yfinance: Exiting _fetch_time_series()
2026-04-20 03:48:52,572 DEBUG yfinance: Entering _fetch_time_series()
2026-04-20 03:48:52,605 DEBUG yfinance: Exiting _fetch_time_series()
2026-04-20 03:48:52,606 DEBUG yfinance: Entering _fetch_time_series()
2026-04-20 03:48:52,627 DEBUG yfinance: Exiting _fetch_time_series()
2026-04-20 03:48:52,628 DEBUG yfinance: Entering _fetch_time_series()
2026-04-20 03:48:52,639 DEBUG yfinance: Exiting _fetch_time_series()
2026-04-20 03:48:52,639 DEBUG yfinance: Entering _fetch_time_series()
2026-04-20 03:48:52,666 DEBUG yfinance: Exiting _fetch_time_series()
2026-04-20 03:48:52,667 DEBUG yfinance: Entering _fetch_time_series()
2026-04-20 03:48:52,687 DEBUG yfinance: Exiting _fetch_time_series()
2026-04-20 03:48:52,688 DEBUG yfinance: Entering history()
2026-04-20 03:48:52,688 DEBUG peewee: ('SELECT "t1"."key", "t1"."value" FROM "_tz_kv" AS "t1" WHERE ("t1"."key" = ?) LIMIT ? OFFSET ?', ['MSFT', 1, 0])
2026-04-20 03:48:52,690 DEBUG yfinance:  Entering history()
2026-04-20 03:48:52,690 DEBUG yfinance: MSFT: Yahoo GET parameters: {'range': '3mo', 'interval': '1d', 'includePrePost': False, 'events': 'div,splits,capitalGains'}
2026-04-20 03:48:52,690 DEBUG yfinance:   Entering get()
2026-04-20 03:48:52,690 DEBUG yfinance:    Entering _make_request()
2026-04-20 03:48:52,691 DEBUG yfinance: url=https://query2.finance.yahoo.com/v8/finance/chart/MSFT
2026-04-20 03:48:52,691 DEBUG yfinance: params={'range': '3mo', 'interval': '1d', 'includePrePost': False, 'events': 'div,splits,capitalGains'}
2026-04-20 03:48:52,691 DEBUG yfinance:     Entering _get_cookie_and_crumb()
2026-04-20 03:48:52,691 DEBUG yfinance: cookie_mode = 'basic'
2026-04-20 03:48:52,691 DEBUG yfinance:      Entering _get_cookie_and_crumb_basic()
2026-04-20 03:48:52,691 DEBUG yfinance:       Entering _get_cookie_basic()
2026-04-20 03:48:52,691 DEBUG yfinance: reusing cookie
2026-04-20 03:48:52,691 DEBUG yfinance:       Exiting _get_cookie_basic()
2026-04-20 03:48:52,691 DEBUG yfinance:       Entering _get_crumb_basic()
2026-04-20 03:48:52,691 DEBUG yfinance: reusing crumb
2026-04-20 03:48:52,691 DEBUG yfinance:       Exiting _get_crumb_basic()
2026-04-20 03:48:52,691 DEBUG yfinance:      Exiting _get_cookie_and_crumb_basic()
2026-04-20 03:48:52,691 DEBUG yfinance:     Exiting _get_cookie_and_crumb()
2026-04-20 03:48:52,870 DEBUG yfinance: response code=200
2026-04-20 03:48:52,870 DEBUG yfinance:    Exiting _make_request()
2026-04-20 03:48:52,870 DEBUG yfinance:   Exiting get()
2026-04-20 03:48:52,871 DEBUG yfinance: MSFT: yfinance received OHLC data: 2026-01-20 14:30:00 -> 2026-04-17 13:30:00
2026-04-20 03:48:52,872 DEBUG yfinance: MSFT: OHLC after cleaning: 2026-01-20 09:30:00-05:00 -> 2026-04-17 09:30:00-04:00
2026-04-20 03:48:52,876 DEBUG yfinance: MSFT: OHLC after combining events: 2026-01-20 00:00:00-05:00 -> 2026-04-17 00:00:00-04:00
2026-04-20 03:48:52,878 DEBUG yfinance: MSFT: yfinance returning OHLC: 2026-01-20 00:00:00-05:00 -> 2026-04-17 00:00:00-04:00
2026-04-20 03:48:52,879 DEBUG yfinance:  Exiting history()
2026-04-20 03:48:52,879 DEBUG yfinance: Exiting history()
2026-04-20 03:48:52,879 DEBUG yfinance: get_raw_json(): https://query2.finance.yahoo.com/v10/finance/quoteSummary/MSFT
2026-04-20 03:48:52,880 DEBUG yfinance: Entering get()
2026-04-20 03:48:52,880 DEBUG yfinance:  Entering _make_request()
2026-04-20 03:48:52,880 DEBUG yfinance: url=https://query2.finance.yahoo.com/v10/finance/quoteSummary/MSFT
2026-04-20 03:48:52,880 DEBUG yfinance: params={'modules': 'financialData,quoteType,defaultKeyStatistics,assetProfile,summaryDetail', 'corsDomain': 'finance.yahoo.com', 'formatted': 'false', 'symbol': 'MSFT'}
2026-04-20 03:48:52,880 DEBUG yfinance:   Entering _get_cookie_and_crumb()
2026-04-20 03:48:52,880 DEBUG yfinance: cookie_mode = 'basic'
2026-04-20 03:48:52,880 DEBUG yfinance:    Entering _get_cookie_and_crumb_basic()
2026-04-20 03:48:52,880 DEBUG yfinance:     Entering _get_cookie_basic()
2026-04-20 03:48:52,880 DEBUG yfinance: reusing cookie
2026-04-20 03:48:52,880 DEBUG yfinance:     Exiting _get_cookie_basic()
2026-04-20 03:48:52,880 DEBUG yfinance:     Entering _get_crumb_basic()
2026-04-20 03:48:52,880 DEBUG yfinance: reusing crumb
2026-04-20 03:48:52,880 DEBUG yfinance:     Exiting _get_crumb_basic()
2026-04-20 03:48:52,880 DEBUG yfinance:    Exiting _get_cookie_and_crumb_basic()
2026-04-20 03:48:52,880 DEBUG yfinance:   Exiting _get_cookie_and_crumb()
2026-04-20 03:48:52,946 DEBUG yfinance: response code=200
2026-04-20 03:48:52,946 DEBUG yfinance:  Exiting _make_request()
2026-04-20 03:48:52,946 DEBUG yfinance: Exiting get()
2026-04-20 03:48:52,946 DEBUG yfinance: get_raw_json(): https://query1.finance.yahoo.com/v7/finance/quote?
2026-04-20 03:48:52,946 DEBUG yfinance: Entering get()
2026-04-20 03:48:52,946 DEBUG yfinance:  Entering _make_request()
2026-04-20 03:48:52,946 DEBUG yfinance: url=https://query1.finance.yahoo.com/v7/finance/quote?
2026-04-20 03:48:52,946 DEBUG yfinance: params={'symbols': 'MSFT', 'formatted': 'false'}
2026-04-20 03:48:52,946 DEBUG yfinance:   Entering _get_cookie_and_crumb()
2026-04-20 03:48:52,946 DEBUG yfinance: cookie_mode = 'basic'
2026-04-20 03:48:52,946 DEBUG yfinance:    Entering _get_cookie_and_crumb_basic()
2026-04-20 03:48:52,946 DEBUG yfinance:     Entering _get_cookie_basic()
2026-04-20 03:48:52,946 DEBUG yfinance: reusing cookie
2026-04-20 03:48:52,946 DEBUG yfinance:     Exiting _get_cookie_basic()
2026-04-20 03:48:52,946 DEBUG yfinance:     Entering _get_crumb_basic()
2026-04-20 03:48:52,946 DEBUG yfinance: reusing crumb
2026-04-20 03:48:52,946 DEBUG yfinance:     Exiting _get_crumb_basic()
2026-04-20 03:48:52,946 DEBUG yfinance:    Exiting _get_cookie_and_crumb_basic()
2026-04-20 03:48:52,946 DEBUG yfinance:   Exiting _get_cookie_and_crumb()
2026-04-20 03:48:53,061 DEBUG httpcore.connection: connect_tcp.started host='data.sec.gov' port=443 local_address=None timeout=5.0 socket_options=None
2026-04-20 03:48:53,062 DEBUG httpcore.connection: connect_tcp.started host='data.sec.gov' port=443 local_address=None timeout=5.0 socket_options=None
2026-04-20 03:48:53,061 DEBUG httpcore.connection: connect_tcp.started host='data.sec.gov' port=443 local_address=None timeout=5.0 socket_options=None
2026-04-20 03:48:53,086 DEBUG httpcore.connection: connect_tcp.complete return_value=<httpcore._backends.sync.SyncStream object at 0x0000023613767050>
2026-04-20 03:48:53,086 DEBUG httpcore.connection: start_tls.started ssl_context=<ssl.SSLContext object at 0x0000023613422750> server_hostname='data.sec.gov' timeout=5.0
2026-04-20 03:48:53,099 DEBUG httpcore.connection: connect_tcp.complete return_value=<httpcore._backends.sync.SyncStream object at 0x0000023613766150>
2026-04-20 03:48:53,100 DEBUG httpcore.connection: start_tls.started ssl_context=<ssl.SSLContext object at 0x0000023613422750> server_hostname='data.sec.gov' timeout=5.0
2026-04-20 03:48:53,100 DEBUG httpcore.connection: connect_tcp.complete return_value=<httpcore._backends.sync.SyncStream object at 0x0000023679C4BA70>
2026-04-20 03:48:53,100 DEBUG httpcore.connection: start_tls.started ssl_context=<ssl.SSLContext object at 0x0000023613422750> server_hostname='data.sec.gov' timeout=5.0
2026-04-20 03:48:53,117 DEBUG httpcore.connection: start_tls.complete return_value=<httpcore._backends.sync.SyncStream object at 0x0000023679C4BB60>
2026-04-20 03:48:53,118 DEBUG httpcore.http11: send_request_headers.started request=<Request [b'GET']>
2026-04-20 03:48:53,118 DEBUG httpcore.http11: send_request_headers.complete
2026-04-20 03:48:53,118 DEBUG httpcore.http11: send_request_body.started request=<Request [b'GET']>
2026-04-20 03:48:53,118 DEBUG httpcore.http11: send_request_body.complete
2026-04-20 03:48:53,118 DEBUG httpcore.http11: receive_response_headers.started request=<Request [b'GET']>
2026-04-20 03:48:53,127 DEBUG yfinance: response code=200
2026-04-20 03:48:53,127 DEBUG yfinance:  Exiting _make_request()
2026-04-20 03:48:53,127 DEBUG yfinance: Exiting get()
2026-04-20 03:48:53,127 DEBUG yfinance: Entering history()
2026-04-20 03:48:53,128 DEBUG peewee: ('SELECT "t1"."key", "t1"."value" FROM "_tz_kv" AS "t1" WHERE ("t1"."key" = ?) LIMIT ? OFFSET ?', ['MSFT', 1, 0])
2026-04-20 03:48:53,128 DEBUG yfinance:  Entering history()
2026-04-20 03:48:53,128 DEBUG yfinance: MSFT: Yahoo GET parameters: {'range': '1y', 'interval': '1d', 'includePrePost': False, 'events': 'div,splits,capitalGains'}
2026-04-20 03:48:53,128 DEBUG yfinance:   Entering get()
2026-04-20 03:48:53,128 DEBUG yfinance:    Entering _make_request()
2026-04-20 03:48:53,128 DEBUG yfinance: url=https://query2.finance.yahoo.com/v8/finance/chart/MSFT
2026-04-20 03:48:53,128 DEBUG yfinance: params={'range': '1y', 'interval': '1d', 'includePrePost': False, 'events': 'div,splits,capitalGains'}
2026-04-20 03:48:53,128 DEBUG yfinance:     Entering _get_cookie_and_crumb()
2026-04-20 03:48:53,128 DEBUG yfinance: cookie_mode = 'basic'
2026-04-20 03:48:53,128 DEBUG yfinance:      Entering _get_cookie_and_crumb_basic()
2026-04-20 03:48:53,128 DEBUG yfinance:       Entering _get_cookie_basic()
2026-04-20 03:48:53,128 DEBUG yfinance: reusing cookie
2026-04-20 03:48:53,128 DEBUG yfinance:       Exiting _get_cookie_basic()
2026-04-20 03:48:53,129 DEBUG yfinance:       Entering _get_crumb_basic()
2026-04-20 03:48:53,129 DEBUG yfinance: reusing crumb
2026-04-20 03:48:53,129 DEBUG yfinance:       Exiting _get_crumb_basic()
2026-04-20 03:48:53,129 DEBUG yfinance:      Exiting _get_cookie_and_crumb_basic()
2026-04-20 03:48:53,129 DEBUG yfinance:     Exiting _get_cookie_and_crumb()
2026-04-20 03:48:53,131 DEBUG httpcore.connection: start_tls.complete return_value=<httpcore._backends.sync.SyncStream object at 0x000002361382CBB0>
2026-04-20 03:48:53,131 DEBUG httpcore.http11: send_request_headers.started request=<Request [b'GET']>
2026-04-20 03:48:53,132 DEBUG httpcore.http11: send_request_headers.complete
2026-04-20 03:48:53,132 DEBUG httpcore.http11: send_request_body.started request=<Request [b'GET']>
2026-04-20 03:48:53,132 DEBUG httpcore.http11: send_request_body.complete
2026-04-20 03:48:53,132 DEBUG httpcore.http11: receive_response_headers.started request=<Request [b'GET']>
2026-04-20 03:48:53,142 DEBUG httpcore.connection: start_tls.complete return_value=<httpcore._backends.sync.SyncStream object at 0x000002361382C050>
2026-04-20 03:48:53,143 DEBUG httpcore.http11: send_request_headers.started request=<Request [b'GET']>
2026-04-20 03:48:53,143 DEBUG httpcore.http11: send_request_headers.complete
2026-04-20 03:48:53,143 DEBUG httpcore.http11: send_request_body.started request=<Request [b'GET']>
2026-04-20 03:48:53,143 DEBUG httpcore.http11: send_request_body.complete
2026-04-20 03:48:53,143 DEBUG httpcore.http11: receive_response_headers.started request=<Request [b'GET']>
2026-04-20 03:48:53,230 DEBUG yfinance: response code=200
2026-04-20 03:48:53,230 DEBUG yfinance:    Exiting _make_request()
2026-04-20 03:48:53,230 DEBUG yfinance:   Exiting get()
2026-04-20 03:48:53,232 DEBUG yfinance: MSFT: yfinance received OHLC data: 2025-04-21 13:30:00 -> 2026-04-17 13:30:00
2026-04-20 03:48:53,233 DEBUG yfinance: MSFT: OHLC after cleaning: 2025-04-21 09:30:00-04:00 -> 2026-04-17 09:30:00-04:00
2026-04-20 03:48:53,238 DEBUG yfinance: MSFT: OHLC after combining events: 2025-04-21 00:00:00-04:00 -> 2026-04-17 00:00:00-04:00
2026-04-20 03:48:53,238 DEBUG yfinance: MSFT: yfinance returning OHLC: 2025-04-21 00:00:00-04:00 -> 2026-04-17 00:00:00-04:00
2026-04-20 03:48:53,238 DEBUG yfinance:  Exiting history()
2026-04-20 03:48:53,238 DEBUG yfinance: Exiting history()
2026-04-20 03:48:53,238 DEBUG yfinance: Entering history()
2026-04-20 03:48:53,239 DEBUG yfinance: MSFT: Yahoo GET parameters: {'range': '5d', 'interval': '1h', 'includePrePost': True, 'events': 'div,splits,capitalGains'}
2026-04-20 03:48:53,239 DEBUG yfinance:  Entering get()
2026-04-20 03:48:53,239 DEBUG yfinance:   Entering _make_request()
2026-04-20 03:48:53,239 DEBUG yfinance: url=https://query2.finance.yahoo.com/v8/finance/chart/MSFT
2026-04-20 03:48:53,239 DEBUG yfinance: params={'range': '5d', 'interval': '1h', 'includePrePost': True, 'events': 'div,splits,capitalGains'}
2026-04-20 03:48:53,239 DEBUG yfinance:    Entering _get_cookie_and_crumb()
2026-04-20 03:48:53,239 DEBUG yfinance: cookie_mode = 'basic'
2026-04-20 03:48:53,239 DEBUG yfinance:     Entering _get_cookie_and_crumb_basic()
2026-04-20 03:48:53,239 DEBUG yfinance:      Entering _get_cookie_basic()
2026-04-20 03:48:53,239 DEBUG yfinance: reusing cookie
2026-04-20 03:48:53,239 DEBUG yfinance:      Exiting _get_cookie_basic()
2026-04-20 03:48:53,239 DEBUG yfinance:      Entering _get_crumb_basic()
2026-04-20 03:48:53,239 DEBUG yfinance: reusing crumb
2026-04-20 03:48:53,239 DEBUG yfinance:      Exiting _get_crumb_basic()
2026-04-20 03:48:53,239 DEBUG yfinance:     Exiting _get_cookie_and_crumb_basic()
2026-04-20 03:48:53,239 DEBUG yfinance:    Exiting _get_cookie_and_crumb()
2026-04-20 03:48:53,270 DEBUG httpcore.http11: receive_response_headers.complete return_value=(b'HTTP/1.1', 200, b'OK', [(b'Content-Type', b'application/json'), (b'x-amzn-RequestId', b'a23a67b1-4a7a-40cb-88df-59109e57c54f'), (b'Access-Control-Allow-Origin', b'*'), (b'x-amz-apigw-id', b'cHWnPEqzoAMEauQ='), (b'X-Amzn-Trace-Id', b'Root=1-69e60494-33ed78de11b80f5a73f4cba5'), (b'Vary', b'Accept-Encoding'), (b'Content-Encoding', b'gzip'), (b'Expires', b'Mon, 20 Apr 2026 10:48:52 GMT'), (b'Cache-Control', b'max-age=0, no-cache, no-store'), (b'Pragma', b'no-cache'), (b'Date', b'Mon, 20 Apr 2026 10:48:52 GMT'), (b'Content-Length', b'21057'), (b'Connection', b'keep-alive'), (b'Strict-Transport-Security', b'max-age=31536000 ; preload')])
2026-04-20 03:48:53,270 DEBUG httpcore.http11: receive_response_headers.complete return_value=(b'HTTP/1.1', 200, b'OK', [(b'Content-Type', b'application/json'), (b'x-amzn-RequestId', b'aafb09fa-06d4-40a5-961c-d78d56047cdc'), (b'Access-Control-Allow-Origin', b'*'), (b'x-amz-apigw-id', b'cHWnPHosIAMEk0w='), (b'X-Amzn-Trace-Id', b'Root=1-69e60494-10b4ee027eed20513e3fc677'), (b'Vary', b'Accept-Encoding'), (b'Content-Encoding', b'gzip'), (b'Expires', b'Mon, 20 Apr 2026 10:48:52 GMT'), (b'Cache-Control', b'max-age=0, no-cache, no-store'), (b'Pragma', b'no-cache'), (b'Date', b'Mon, 20 Apr 2026 10:48:52 GMT'), (b'Content-Length', b'21057'), (b'Connection', b'keep-alive'), (b'Strict-Transport-Security', b'max-age=31536000 ; preload')])
2026-04-20 03:48:53,271 DEBUG filelock: Attempting to acquire lock 2432970699216 on C:\Users\aksha\.edgar\_tcache\data.sec.gov\submissions-CIK0000789019.json.lock
2026-04-20 03:48:53,271 DEBUG filelock: Attempting to acquire lock 2432970700448 on C:\Users\aksha\.edgar\_tcache\data.sec.gov\submissions-CIK0000789019.json.lock
2026-04-20 03:48:53,272 DEBUG filelock: Lock 2432970700448 acquired on C:\Users\aksha\.edgar\_tcache\data.sec.gov\submissions-CIK0000789019.json.lock
2026-04-20 03:48:53,272 DEBUG httpcore.http11: receive_response_body.started request=<Request [b'GET']>
2026-04-20 03:48:53,273 DEBUG filelock: Lock 2432970699216 not acquired on C:\Users\aksha\.edgar\_tcache\data.sec.gov\submissions-CIK0000789019.json.lock, waiting 0.05 seconds ...
2026-04-20 03:48:53,273 DEBUG httpcore.http11: receive_response_body.complete
2026-04-20 03:48:53,273 DEBUG httpcore.http11: response_closed.started
2026-04-20 03:48:53,273 DEBUG httpcore.http11: response_closed.complete
2026-04-20 03:48:53,282 DEBUG filelock: Attempting to release lock 2432970700448 on C:\Users\aksha\.edgar\_tcache\data.sec.gov\submissions-CIK0000789019.json.lock
2026-04-20 03:48:53,283 DEBUG filelock: Lock 2432970700448 released on C:\Users\aksha\.edgar\_tcache\data.sec.gov\submissions-CIK0000789019.json.lock
2026-04-20 03:48:53,289 DEBUG httpcore.http11: send_request_headers.started request=<Request [b'GET']>
2026-04-20 03:48:53,289 DEBUG httpcore.http11: receive_response_headers.complete return_value=(b'HTTP/1.1', 200, b'OK', [(b'Content-Type', b'application/json'), (b'x-amzn-RequestId', b'75d6969e-e59b-49af-bc85-fffad84f15a5'), (b'Access-Control-Allow-Origin', b'*'), (b'x-amz-apigw-id', b'cHWnPE-xIAMES3g='), (b'X-Amzn-Trace-Id', b'Root=1-69e60494-43f082f26bb7d5655b03998c'), (b'Vary', b'Accept-Encoding'), (b'Content-Encoding', b'gzip'), (b'Expires', b'Mon, 20 Apr 2026 10:48:52 GMT'), (b'Cache-Control', b'max-age=0, no-cache, no-store'), (b'Pragma', b'no-cache'), (b'Date', b'Mon, 20 Apr 2026 10:48:52 GMT'), (b'Content-Length', b'21057'), (b'Connection', b'keep-alive'), (b'Strict-Transport-Security', b'max-age=31536000 ; preload')])
2026-04-20 03:48:53,290 DEBUG httpcore.http11: send_request_headers.complete
2026-04-20 03:48:53,290 DEBUG httpcore.http11: send_request_body.started request=<Request [b'GET']>
2026-04-20 03:48:53,290 DEBUG httpcore.http11: send_request_body.complete
2026-04-20 03:48:53,291 DEBUG httpcore.http11: receive_response_headers.started request=<Request [b'GET']>
2026-04-20 03:48:53,290 DEBUG filelock: Attempting to acquire lock 2432996574544 on C:\Users\aksha\.edgar\_tcache\data.sec.gov\submissions-CIK0000789019.json.lock
2026-04-20 03:48:53,291 DEBUG filelock: Lock 2432996574544 acquired on C:\Users\aksha\.edgar\_tcache\data.sec.gov\submissions-CIK0000789019.json.lock
2026-04-20 03:48:53,292 DEBUG httpcore.http11: receive_response_body.started request=<Request [b'GET']>
2026-04-20 03:48:53,294 DEBUG httpcore.http11: receive_response_body.complete
2026-04-20 03:48:53,294 DEBUG httpcore.http11: response_closed.started
2026-04-20 03:48:53,294 DEBUG httpcore.http11: response_closed.complete
2026-04-20 03:48:53,303 DEBUG filelock: Attempting to release lock 2432996574544 on C:\Users\aksha\.edgar\_tcache\data.sec.gov\submissions-CIK0000789019.json.lock
2026-04-20 03:48:53,303 DEBUG filelock: Lock 2432996574544 released on C:\Users\aksha\.edgar\_tcache\data.sec.gov\submissions-CIK0000789019.json.lock
2026-04-20 03:48:53,304 DEBUG yfinance: response code=200
2026-04-20 03:48:53,304 DEBUG yfinance:   Exiting _make_request()
2026-04-20 03:48:53,304 DEBUG yfinance:  Exiting get()
2026-04-20 03:48:53,305 DEBUG yfinance: MSFT: yfinance received OHLC data: 2026-04-14 08:00:00 -> 2026-04-20 10:48:13
2026-04-20 03:48:53,306 DEBUG yfinance: MSFT: OHLC after cleaning: 2026-04-14 04:00:00-04:00 -> 2026-04-20 06:48:13-04:00
2026-04-20 03:48:53,309 DEBUG yfinance: MSFT: OHLC after combining events: 2026-04-14 04:00:00-04:00 -> 2026-04-20 06:48:13-04:00
2026-04-20 03:48:53,309 DEBUG yfinance: get_raw_json(): https://query2.finance.yahoo.com/v10/finance/quoteSummary/MSFT
2026-04-20 03:48:53,311 DEBUG yfinance: Entering get()
2026-04-20 03:48:53,312 DEBUG yfinance:  Entering _make_request()
2026-04-20 03:48:53,312 DEBUG yfinance: url=https://query2.finance.yahoo.com/v10/finance/quoteSummary/MSFT
2026-04-20 03:48:53,312 DEBUG yfinance: params={'modules': 'financialData,quoteType,defaultKeyStatistics,assetProfile,summaryDetail', 'corsDomain': 'finance.yahoo.com', 'formatted': 'false', 'symbol': 'MSFT'}
2026-04-20 03:48:53,312 DEBUG yfinance:   Entering _get_cookie_and_crumb()
2026-04-20 03:48:53,312 DEBUG yfinance: cookie_mode = 'basic'
2026-04-20 03:48:53,313 DEBUG yfinance:    Entering _get_cookie_and_crumb_basic()
2026-04-20 03:48:53,313 DEBUG yfinance:     Entering _get_cookie_basic()
2026-04-20 03:48:53,313 DEBUG yfinance: reusing cookie
2026-04-20 03:48:53,313 DEBUG yfinance:     Exiting _get_cookie_basic()
2026-04-20 03:48:53,313 DEBUG yfinance:     Entering _get_crumb_basic()
2026-04-20 03:48:53,313 DEBUG yfinance: reusing crumb
2026-04-20 03:48:53,313 DEBUG yfinance:     Exiting _get_crumb_basic()
2026-04-20 03:48:53,313 DEBUG yfinance:    Exiting _get_cookie_and_crumb_basic()
2026-04-20 03:48:53,313 DEBUG yfinance:   Exiting _get_cookie_and_crumb()
2026-04-20 03:48:53,316 DEBUG yfinance: MSFT: yfinance returning OHLC: 2026-04-14 04:00:00-04:00 -> 2026-04-20 06:00:00-04:00
2026-04-20 03:48:53,316 DEBUG yfinance: Exiting history()
2026-04-20 03:48:53,321 DEBUG yfinance: Entering history()
2026-04-20 03:48:53,321 DEBUG yfinance:  Entering history()
2026-04-20 03:48:53,321 DEBUG yfinance: MSFT: Yahoo GET parameters: {'range': '5d', 'interval': '1h', 'includePrePost': True, 'events': 'div,splits,capitalGains'}
2026-04-20 03:48:53,321 DEBUG yfinance:   Entering get()
2026-04-20 03:48:53,321 DEBUG yfinance:    Entering _make_request()
2026-04-20 03:48:53,321 DEBUG yfinance: url=https://query2.finance.yahoo.com/v8/finance/chart/MSFT
2026-04-20 03:48:53,321 DEBUG yfinance: params={'range': '5d', 'interval': '1h', 'includePrePost': True, 'events': 'div,splits,capitalGains'}
2026-04-20 03:48:53,321 DEBUG yfinance:     Entering _get_cookie_and_crumb()
2026-04-20 03:48:53,321 DEBUG yfinance: cookie_mode = 'basic'
2026-04-20 03:48:53,321 DEBUG yfinance:      Entering _get_cookie_and_crumb_basic()
2026-04-20 03:48:53,321 DEBUG yfinance:       Entering _get_cookie_basic()
2026-04-20 03:48:53,321 DEBUG yfinance: reusing cookie
2026-04-20 03:48:53,321 DEBUG yfinance:       Exiting _get_cookie_basic()
2026-04-20 03:48:53,321 DEBUG yfinance:       Entering _get_crumb_basic()
2026-04-20 03:48:53,321 DEBUG yfinance: reusing crumb
2026-04-20 03:48:53,322 DEBUG yfinance:       Exiting _get_crumb_basic()
2026-04-20 03:48:53,322 DEBUG yfinance:      Exiting _get_cookie_and_crumb_basic()
2026-04-20 03:48:53,322 DEBUG yfinance:     Exiting _get_cookie_and_crumb()
2026-04-20 03:48:53,323 DEBUG filelock: Attempting to acquire lock 2432970699216 on C:\Users\aksha\.edgar\_tcache\data.sec.gov\submissions-CIK0000789019.json.lock
2026-04-20 03:48:53,324 DEBUG filelock: Lock 2432970699216 acquired on C:\Users\aksha\.edgar\_tcache\data.sec.gov\submissions-CIK0000789019.json.lock
2026-04-20 03:48:53,324 DEBUG httpcore.http11: receive_response_body.started request=<Request [b'GET']>
2026-04-20 03:48:53,325 DEBUG httpcore.http11: receive_response_body.complete
2026-04-20 03:48:53,325 DEBUG httpcore.http11: response_closed.started
2026-04-20 03:48:53,325 DEBUG httpcore.http11: response_closed.complete
2026-04-20 03:48:53,335 DEBUG filelock: Attempting to release lock 2432970699216 on C:\Users\aksha\.edgar\_tcache\data.sec.gov\submissions-CIK0000789019.json.lock
2026-04-20 03:48:53,336 DEBUG filelock: Lock 2432970699216 released on C:\Users\aksha\.edgar\_tcache\data.sec.gov\submissions-CIK0000789019.json.lock
2026-04-20 03:48:53,341 DEBUG httpcore.http11: send_request_headers.started request=<Request [b'GET']>
2026-04-20 03:48:53,341 DEBUG httpcore.http11: send_request_headers.complete
2026-04-20 03:48:53,341 DEBUG httpcore.http11: send_request_body.started request=<Request [b'GET']>
2026-04-20 03:48:53,341 DEBUG httpcore.http11: send_request_body.complete
2026-04-20 03:48:53,341 DEBUG httpcore.http11: receive_response_headers.started request=<Request [b'GET']>
2026-04-20 03:48:53,346 DEBUG yfinance: response code=200
2026-04-20 03:48:53,346 DEBUG yfinance:    Exiting _make_request()
2026-04-20 03:48:53,346 DEBUG yfinance:   Exiting get()
2026-04-20 03:48:53,347 DEBUG yfinance: MSFT: yfinance received OHLC data: 2026-04-14 08:00:00 -> 2026-04-20 10:48:13
2026-04-20 03:48:53,347 DEBUG yfinance: MSFT: OHLC after cleaning: 2026-04-14 04:00:00-04:00 -> 2026-04-20 06:48:13-04:00
2026-04-20 03:48:53,348 DEBUG yfinance: MSFT: OHLC after combining events: 2026-04-14 04:00:00-04:00 -> 2026-04-20 06:48:13-04:00
2026-04-20 03:48:53,352 DEBUG yfinance: MSFT: yfinance returning OHLC: 2026-04-14 04:00:00-04:00 -> 2026-04-20 06:00:00-04:00
2026-04-20 03:48:53,352 DEBUG yfinance:  Exiting history()
2026-04-20 03:48:53,353 DEBUG yfinance: Exiting history()
2026-04-20 03:48:53,354 DEBUG yfinance: Entering get_shares_full()
2026-04-20 03:48:53,355 DEBUG yfinance: Exiting get_shares_full()
2026-04-20 03:48:53,357 DEBUG yfinance: Entering history()
2026-04-20 03:48:53,357 DEBUG peewee: ('SELECT "t1"."key", "t1"."value" FROM "_tz_kv" AS "t1" WHERE ("t1"."key" = ?) LIMIT ? OFFSET ?', ['MSFT', 1, 0])
2026-04-20 03:48:53,358 DEBUG yfinance:  Entering history()
2026-04-20 03:48:53,358 DEBUG yfinance: MSFT: Yahoo GET parameters: {'range': '1y', 'interval': '1d', 'includePrePost': False, 'events': 'div,splits,capitalGains'}
2026-04-20 03:48:53,358 DEBUG yfinance:   Entering get()
2026-04-20 03:48:53,358 DEBUG yfinance:    Entering _make_request()
2026-04-20 03:48:53,358 DEBUG yfinance: url=https://query2.finance.yahoo.com/v8/finance/chart/MSFT
2026-04-20 03:48:53,358 DEBUG yfinance: params={'range': '1y', 'interval': '1d', 'includePrePost': False, 'events': 'div,splits,capitalGains'}
2026-04-20 03:48:53,358 DEBUG yfinance:     Entering _get_cookie_and_crumb()
2026-04-20 03:48:53,358 DEBUG yfinance: cookie_mode = 'basic'
2026-04-20 03:48:53,358 DEBUG yfinance:      Entering _get_cookie_and_crumb_basic()
2026-04-20 03:48:53,358 DEBUG yfinance:       Entering _get_cookie_basic()
2026-04-20 03:48:53,358 DEBUG yfinance: reusing cookie
2026-04-20 03:48:53,358 DEBUG yfinance:       Exiting _get_cookie_basic()
2026-04-20 03:48:53,358 DEBUG yfinance:       Entering _get_crumb_basic()
2026-04-20 03:48:53,358 DEBUG yfinance: reusing crumb
2026-04-20 03:48:53,358 DEBUG yfinance:       Exiting _get_crumb_basic()
2026-04-20 03:48:53,358 DEBUG yfinance:      Exiting _get_cookie_and_crumb_basic()
2026-04-20 03:48:53,358 DEBUG yfinance:     Exiting _get_cookie_and_crumb()
2026-04-20 03:48:53,390 DEBUG yfinance: response code=200
2026-04-20 03:48:53,390 DEBUG yfinance:    Exiting _make_request()
2026-04-20 03:48:53,390 DEBUG yfinance:   Exiting get()
2026-04-20 03:48:53,391 DEBUG yfinance: MSFT: yfinance received OHLC data: 2025-04-21 13:30:00 -> 2026-04-17 13:30:00
2026-04-20 03:48:53,392 DEBUG yfinance: MSFT: OHLC after cleaning: 2025-04-21 09:30:00-04:00 -> 2026-04-17 09:30:00-04:00
2026-04-20 03:48:53,396 DEBUG yfinance: MSFT: OHLC after combining events: 2025-04-21 00:00:00-04:00 -> 2026-04-17 00:00:00-04:00
2026-04-20 03:48:53,399 DEBUG yfinance: MSFT: yfinance returning OHLC: 2025-04-21 00:00:00-04:00 -> 2026-04-17 00:00:00-04:00
2026-04-20 03:48:53,400 DEBUG yfinance:  Exiting history()
2026-04-20 03:48:53,400 DEBUG yfinance: Exiting history()
2026-04-20 03:48:53,401 DEBUG yfinance: get_raw_json(): https://query2.finance.yahoo.com/v10/finance/quoteSummary/MSFT
2026-04-20 03:48:53,401 DEBUG yfinance: Entering get()
2026-04-20 03:48:53,401 DEBUG yfinance:  Entering _make_request()
2026-04-20 03:48:53,401 DEBUG yfinance: url=https://query2.finance.yahoo.com/v10/finance/quoteSummary/MSFT
2026-04-20 03:48:53,401 DEBUG yfinance: params={'modules': 'financialData,quoteType,defaultKeyStatistics,assetProfile,summaryDetail', 'corsDomain': 'finance.yahoo.com', 'formatted': 'false', 'symbol': 'MSFT'}
2026-04-20 03:48:53,401 DEBUG yfinance:   Entering _get_cookie_and_crumb()
2026-04-20 03:48:53,401 DEBUG yfinance: cookie_mode = 'basic'
2026-04-20 03:48:53,401 DEBUG yfinance:    Entering _get_cookie_and_crumb_basic()
2026-04-20 03:48:53,401 DEBUG yfinance:     Entering _get_cookie_basic()
2026-04-20 03:48:53,402 DEBUG yfinance: reusing cookie
2026-04-20 03:48:53,402 DEBUG yfinance:     Exiting _get_cookie_basic()
2026-04-20 03:48:53,402 DEBUG yfinance:     Entering _get_crumb_basic()
2026-04-20 03:48:53,402 DEBUG yfinance: reusing crumb
2026-04-20 03:48:53,402 DEBUG yfinance:     Exiting _get_crumb_basic()
2026-04-20 03:48:53,402 DEBUG yfinance:    Exiting _get_cookie_and_crumb_basic()
2026-04-20 03:48:53,402 DEBUG yfinance:   Exiting _get_cookie_and_crumb()
2026-04-20 03:48:53,424 DEBUG yfinance: response code=200
2026-04-20 03:48:53,424 DEBUG yfinance:  Exiting _make_request()
2026-04-20 03:48:53,424 DEBUG yfinance: Exiting get()
2026-04-20 03:48:53,424 DEBUG yfinance: get_raw_json(): https://query1.finance.yahoo.com/v7/finance/quote?
2026-04-20 03:48:53,424 DEBUG yfinance: Entering get()
2026-04-20 03:48:53,424 DEBUG yfinance:  Entering _make_request()
2026-04-20 03:48:53,424 DEBUG yfinance: url=https://query1.finance.yahoo.com/v7/finance/quote?
2026-04-20 03:48:53,424 DEBUG yfinance: params={'symbols': 'MSFT', 'formatted': 'false'}
2026-04-20 03:48:53,424 DEBUG yfinance:   Entering _get_cookie_and_crumb()
2026-04-20 03:48:53,424 DEBUG yfinance: cookie_mode = 'basic'
2026-04-20 03:48:53,424 DEBUG yfinance:    Entering _get_cookie_and_crumb_basic()
2026-04-20 03:48:53,424 DEBUG yfinance:     Entering _get_cookie_basic()
2026-04-20 03:48:53,424 DEBUG yfinance: reusing cookie
2026-04-20 03:48:53,424 DEBUG yfinance:     Exiting _get_cookie_basic()
2026-04-20 03:48:53,424 DEBUG yfinance:     Entering _get_crumb_basic()
2026-04-20 03:48:53,424 DEBUG yfinance: reusing crumb
2026-04-20 03:48:53,424 DEBUG yfinance:     Exiting _get_crumb_basic()
2026-04-20 03:48:53,424 DEBUG yfinance:    Exiting _get_cookie_and_crumb_basic()
2026-04-20 03:48:53,425 DEBUG yfinance:   Exiting _get_cookie_and_crumb()
2026-04-20 03:48:53,433 DEBUG yfinance: response code=200
2026-04-20 03:48:53,434 DEBUG yfinance:  Exiting _make_request()
2026-04-20 03:48:53,434 DEBUG yfinance: Exiting get()
2026-04-20 03:48:53,434 DEBUG yfinance: get_raw_json(): https://query1.finance.yahoo.com/v7/finance/quote?
2026-04-20 03:48:53,434 DEBUG yfinance: Entering get()
2026-04-20 03:48:53,434 DEBUG yfinance:  Entering _make_request()
2026-04-20 03:48:53,434 DEBUG yfinance: url=https://query1.finance.yahoo.com/v7/finance/quote?
2026-04-20 03:48:53,434 DEBUG yfinance: params={'symbols': 'MSFT', 'formatted': 'false'}
2026-04-20 03:48:53,434 DEBUG yfinance:   Entering _get_cookie_and_crumb()
2026-04-20 03:48:53,434 DEBUG yfinance: cookie_mode = 'basic'
2026-04-20 03:48:53,434 DEBUG yfinance:    Entering _get_cookie_and_crumb_basic()
2026-04-20 03:48:53,434 DEBUG yfinance:     Entering _get_cookie_basic()
2026-04-20 03:48:53,434 DEBUG yfinance: reusing cookie
2026-04-20 03:48:53,434 DEBUG yfinance:     Exiting _get_cookie_basic()
2026-04-20 03:48:53,434 DEBUG yfinance:     Entering _get_crumb_basic()
2026-04-20 03:48:53,434 DEBUG yfinance: reusing crumb
2026-04-20 03:48:53,434 DEBUG yfinance:     Exiting _get_crumb_basic()
2026-04-20 03:48:53,434 DEBUG yfinance:    Exiting _get_cookie_and_crumb_basic()
2026-04-20 03:48:53,434 DEBUG yfinance:   Exiting _get_cookie_and_crumb()
2026-04-20 03:48:53,436 DEBUG httpcore.http11: receive_response_headers.complete return_value=(b'HTTP/1.1', 200, b'OK', [(b'Content-Type', b'application/json'), (b'x-amzn-RequestId', b'dcf2e2f3-812f-4f6b-871a-a05dafae49a5'), (b'Access-Control-Allow-Origin', b'*'), (b'x-amz-apigw-id', b'cHWnREBUoAMEo1A='), (b'X-Amzn-Trace-Id', b'Root=1-69e60494-266a62d865772df23812d639'), (b'Vary', b'Accept-Encoding'), (b'Content-Encoding', b'gzip'), (b'Expires', b'Mon, 20 Apr 2026 10:48:52 GMT'), (b'Cache-Control', b'max-age=0, no-cache, no-store'), (b'Pragma', b'no-cache'), (b'Date', b'Mon, 20 Apr 2026 10:48:52 GMT'), (b'Content-Length', b'38140'), (b'Connection', b'keep-alive'), (b'Strict-Transport-Security', b'max-age=31536000 ; preload')])
2026-04-20 03:48:53,436 DEBUG filelock: Attempting to acquire lock 2432996576304 on C:\Users\aksha\.edgar\_tcache\data.sec.gov\submissions-CIK0000789019-submissions-001.json.lock
2026-04-20 03:48:53,437 DEBUG filelock: Lock 2432996576304 acquired on C:\Users\aksha\.edgar\_tcache\data.sec.gov\submissions-CIK0000789019-submissions-001.json.lock
2026-04-20 03:48:53,437 DEBUG httpcore.http11: receive_response_body.started request=<Request [b'GET']>
2026-04-20 03:48:53,439 DEBUG yfinance: response code=200
2026-04-20 03:48:53,439 DEBUG yfinance:  Exiting _make_request()
2026-04-20 03:48:53,440 DEBUG yfinance: Exiting get()
2026-04-20 03:48:53,440 DEBUG yfinance: Entering history()
2026-04-20 03:48:53,441 DEBUG peewee: ('SELECT "t1"."key", "t1"."value" FROM "_tz_kv" AS "t1" WHERE ("t1"."key" = ?) LIMIT ? OFFSET ?', ['MSFT', 1, 0])
2026-04-20 03:48:53,441 DEBUG yfinance:  Entering history()
2026-04-20 03:48:53,441 DEBUG yfinance: MSFT: Yahoo GET parameters: {'range': '2mo', 'interval': '1d', 'includePrePost': False, 'events': 'div,splits,capitalGains'}
2026-04-20 03:48:53,441 DEBUG yfinance:   Entering get()
2026-04-20 03:48:53,441 DEBUG yfinance:    Entering _make_request()
2026-04-20 03:48:53,441 DEBUG yfinance: url=https://query2.finance.yahoo.com/v8/finance/chart/MSFT
2026-04-20 03:48:53,441 DEBUG yfinance: params={'range': '2mo', 'interval': '1d', 'includePrePost': False, 'events': 'div,splits,capitalGains'}
2026-04-20 03:48:53,441 DEBUG yfinance:     Entering _get_cookie_and_crumb()
2026-04-20 03:48:53,441 DEBUG yfinance: cookie_mode = 'basic'
2026-04-20 03:48:53,441 DEBUG yfinance:      Entering _get_cookie_and_crumb_basic()
2026-04-20 03:48:53,441 DEBUG yfinance:       Entering _get_cookie_basic()
2026-04-20 03:48:53,441 DEBUG yfinance: reusing cookie
2026-04-20 03:48:53,441 DEBUG yfinance:       Exiting _get_cookie_basic()
2026-04-20 03:48:53,441 DEBUG yfinance:       Entering _get_crumb_basic()
2026-04-20 03:48:53,441 DEBUG yfinance: reusing crumb
2026-04-20 03:48:53,441 DEBUG yfinance:       Exiting _get_crumb_basic()
2026-04-20 03:48:53,441 DEBUG yfinance:      Exiting _get_cookie_and_crumb_basic()
2026-04-20 03:48:53,441 DEBUG yfinance:     Exiting _get_cookie_and_crumb()
2026-04-20 03:48:53,443 DEBUG httpcore.http11: receive_response_body.complete
2026-04-20 03:48:53,443 DEBUG httpcore.http11: response_closed.started
2026-04-20 03:48:53,443 DEBUG httpcore.http11: response_closed.complete
2026-04-20 03:48:53,454 DEBUG filelock: Attempting to release lock 2432996576304 on C:\Users\aksha\.edgar\_tcache\data.sec.gov\submissions-CIK0000789019-submissions-001.json.lock
2026-04-20 03:48:53,454 DEBUG filelock: Lock 2432996576304 released on C:\Users\aksha\.edgar\_tcache\data.sec.gov\submissions-CIK0000789019-submissions-001.json.lock
2026-04-20 03:48:53,464 DEBUG httpcore.http11: send_request_headers.started request=<Request [b'GET']>
2026-04-20 03:48:53,464 DEBUG httpcore.http11: send_request_headers.complete
2026-04-20 03:48:53,464 DEBUG httpcore.http11: send_request_body.started request=<Request [b'GET']>
2026-04-20 03:48:53,464 DEBUG httpcore.http11: send_request_body.complete
2026-04-20 03:48:53,464 DEBUG httpcore.http11: receive_response_headers.started request=<Request [b'GET']>
2026-04-20 03:48:53,491 DEBUG httpcore.http11: receive_response_headers.complete return_value=(b'HTTP/1.1', 200, b'OK', [(b'Content-Type', b'application/json'), (b'x-amzn-RequestId', b'71c3ab56-92af-4f13-a77b-5584e8090413'), (b'Access-Control-Allow-Origin', b'*'), (b'x-amz-apigw-id', b'cHWnRG6YIAMEjMg='), (b'X-Amzn-Trace-Id', b'Root=1-69e60494-1ef4cddd77811fdf727c8601'), (b'Vary', b'Accept-Encoding'), (b'Content-Encoding', b'gzip'), (b'Expires', b'Mon, 20 Apr 2026 10:48:52 GMT'), (b'Cache-Control', b'max-age=0, no-cache, no-store'), (b'Pragma', b'no-cache'), (b'Date', b'Mon, 20 Apr 2026 10:48:52 GMT'), (b'Content-Length', b'38140'), (b'Connection', b'keep-alive'), (b'Strict-Transport-Security', b'max-age=31536000 ; preload')])
2026-04-20 03:48:53,492 DEBUG filelock: Attempting to acquire lock 2432994324080 on C:\Users\aksha\.edgar\_tcache\data.sec.gov\submissions-CIK0000789019-submissions-001.json.lock
2026-04-20 03:48:53,494 DEBUG filelock: Lock 2432994324080 acquired on C:\Users\aksha\.edgar\_tcache\data.sec.gov\submissions-CIK0000789019-submissions-001.json.lock
2026-04-20 03:48:53,494 DEBUG httpcore.http11: receive_response_body.started request=<Request [b'GET']>
2026-04-20 03:48:53,496 DEBUG httpcore.http11: receive_response_body.complete
2026-04-20 03:48:53,496 DEBUG httpcore.http11: response_closed.started
2026-04-20 03:48:53,496 DEBUG httpcore.http11: response_closed.complete
2026-04-20 03:48:53,506 DEBUG filelock: Attempting to release lock 2432994324080 on C:\Users\aksha\.edgar\_tcache\data.sec.gov\submissions-CIK0000789019-submissions-001.json.lock
2026-04-20 03:48:53,506 DEBUG filelock: Lock 2432994324080 released on C:\Users\aksha\.edgar\_tcache\data.sec.gov\submissions-CIK0000789019-submissions-001.json.lock
2026-04-20 03:48:53,513 DEBUG httpcore.http11: send_request_headers.started request=<Request [b'GET']>
2026-04-20 03:48:53,514 DEBUG httpcore.http11: send_request_headers.complete
2026-04-20 03:48:53,514 DEBUG httpcore.http11: send_request_body.started request=<Request [b'GET']>
2026-04-20 03:48:53,514 DEBUG httpcore.http11: send_request_body.complete
2026-04-20 03:48:53,514 DEBUG httpcore.http11: receive_response_headers.started request=<Request [b'GET']>
2026-04-20 03:48:53,532 DEBUG yfinance: response code=200
2026-04-20 03:48:53,532 DEBUG yfinance:    Exiting _make_request()
2026-04-20 03:48:53,533 DEBUG yfinance:   Exiting get()
2026-04-20 03:48:53,534 DEBUG yfinance: MSFT: yfinance received OHLC data: 2026-02-18 14:30:00 -> 2026-04-17 13:30:00
2026-04-20 03:48:53,534 DEBUG yfinance: MSFT: OHLC after cleaning: 2026-02-18 09:30:00-05:00 -> 2026-04-17 09:30:00-04:00
2026-04-20 03:48:53,538 DEBUG yfinance: MSFT: OHLC after combining events: 2026-02-18 00:00:00-05:00 -> 2026-04-17 00:00:00-04:00
2026-04-20 03:48:53,543 DEBUG yfinance: MSFT: yfinance returning OHLC: 2026-02-18 00:00:00-05:00 -> 2026-04-17 00:00:00-04:00
2026-04-20 03:48:53,543 DEBUG yfinance:  Exiting history()
2026-04-20 03:48:53,543 DEBUG yfinance: Exiting history()
2026-04-20 03:48:53,557 DEBUG yfinance: response code=200
2026-04-20 03:48:53,557 DEBUG yfinance:  Exiting _make_request()
2026-04-20 03:48:53,557 DEBUG yfinance: Exiting get()
2026-04-20 03:48:53,614 DEBUG httpcore.http11: receive_response_headers.complete return_value=(b'HTTP/1.1', 200, b'OK', [(b'Content-Type', b'application/json'), (b'x-amzn-RequestId', b'ead267b9-895f-492a-b804-d6af6d4b3900'), (b'Access-Control-Allow-Origin', b'*'), (b'x-amz-apigw-id', b'cHWnTHO2IAMEgrQ='), (b'X-Amzn-Trace-Id', b'Root=1-69e60494-69ba5b045ef710647bbd0ca1'), (b'Vary', b'Accept-Encoding'), (b'Content-Encoding', b'gzip'), (b'Expires', b'Mon, 20 Apr 2026 10:48:52 GMT'), (b'Cache-Control', b'max-age=0, no-cache, no-store'), (b'Pragma', b'no-cache'), (b'Date', b'Mon, 20 Apr 2026 10:48:52 GMT'), (b'Content-Length', b'29410'), (b'Connection', b'keep-alive'), (b'Strict-Transport-Security', b'max-age=31536000 ; preload')])
2026-04-20 03:48:53,615 DEBUG filelock: Attempting to acquire lock 2431281785040 on C:\Users\aksha\.edgar\_tcache\data.sec.gov\submissions-CIK0000789019-submissions-002.json.lock
2026-04-20 03:48:53,616 DEBUG filelock: Lock 2431281785040 acquired on C:\Users\aksha\.edgar\_tcache\data.sec.gov\submissions-CIK0000789019-submissions-002.json.lock
2026-04-20 03:48:53,616 DEBUG httpcore.http11: receive_response_body.started request=<Request [b'GET']>
2026-04-20 03:48:53,617 DEBUG httpcore.http11: receive_response_body.complete
2026-04-20 03:48:53,617 DEBUG httpcore.http11: response_closed.started
2026-04-20 03:48:53,617 DEBUG httpcore.http11: response_closed.complete
2026-04-20 03:48:53,626 DEBUG filelock: Attempting to release lock 2431281785040 on C:\Users\aksha\.edgar\_tcache\data.sec.gov\submissions-CIK0000789019-submissions-002.json.lock
2026-04-20 03:48:53,627 DEBUG filelock: Lock 2431281785040 released on C:\Users\aksha\.edgar\_tcache\data.sec.gov\submissions-CIK0000789019-submissions-002.json.lock
2026-04-20 03:48:53,714 DEBUG httpcore.http11: receive_response_headers.complete return_value=(b'HTTP/1.1', 200, b'OK', [(b'Content-Type', b'application/json'), (b'x-amzn-RequestId', b'08d70eb9-6b45-4c5c-9f8a-9ccf1f55784a'), (b'Access-Control-Allow-Origin', b'*'), (b'x-amz-apigw-id', b'cHWnTE6UIAMEodg='), (b'X-Amzn-Trace-Id', b'Root=1-69e60494-206954644aff1d034568b700'), (b'Vary', b'Accept-Encoding'), (b'Content-Encoding', b'gzip'), (b'Expires', b'Mon, 20 Apr 2026 10:48:52 GMT'), (b'Cache-Control', b'max-age=0, no-cache, no-store'), (b'Pragma', b'no-cache'), (b'Date', b'Mon, 20 Apr 2026 10:48:52 GMT'), (b'Content-Length', b'29410'), (b'Connection', b'keep-alive'), (b'Strict-Transport-Security', b'max-age=31536000 ; preload')])
2026-04-20 03:48:53,715 DEBUG filelock: Attempting to acquire lock 2432993431888 on C:\Users\aksha\.edgar\_tcache\data.sec.gov\submissions-CIK0000789019-submissions-002.json.lock
2026-04-20 03:48:53,715 DEBUG filelock: Lock 2432993431888 acquired on C:\Users\aksha\.edgar\_tcache\data.sec.gov\submissions-CIK0000789019-submissions-002.json.lock
2026-04-20 03:48:53,716 DEBUG httpcore.http11: receive_response_body.started request=<Request [b'GET']>
2026-04-20 03:48:53,717 DEBUG httpcore.http11: receive_response_body.complete
2026-04-20 03:48:53,717 DEBUG httpcore.http11: response_closed.started
2026-04-20 03:48:53,718 DEBUG httpcore.http11: response_closed.complete
2026-04-20 03:48:53,729 DEBUG filelock: Attempting to release lock 2432993431888 on C:\Users\aksha\.edgar\_tcache\data.sec.gov\submissions-CIK0000789019-submissions-002.json.lock
2026-04-20 03:48:53,729 DEBUG filelock: Lock 2432993431888 released on C:\Users\aksha\.edgar\_tcache\data.sec.gov\submissions-CIK0000789019-submissions-002.json.lock
2026-04-20 03:48:53,736 DEBUG orca: form4 filing parse error: 'datetime.date' object has no attribute 'date'
2026-04-20 03:48:53,736 DEBUG orca: form4 filing parse error: 'datetime.date' object has no attribute 'date'
2026-04-20 03:48:53,736 DEBUG orca: form4 filing parse error: 'datetime.date' object has no attribute 'date'
2026-04-20 03:48:53,736 DEBUG orca: form4 filing parse error: 'datetime.date' object has no attribute 'date'
2026-04-20 03:48:53,736 DEBUG orca: form4 filing parse error: 'datetime.date' object has no attribute 'date'
2026-04-20 03:48:53,736 DEBUG orca: form4 filing parse error: 'datetime.date' object has no attribute 'date'
2026-04-20 03:48:53,736 DEBUG orca: form4 filing parse error: 'datetime.date' object has no attribute 'date'
2026-04-20 03:48:53,736 DEBUG orca: form4 filing parse error: 'datetime.date' object has no attribute 'date'
2026-04-20 03:48:53,736 DEBUG orca: form4 filing parse error: 'datetime.date' object has no attribute 'date'
2026-04-20 03:48:53,736 DEBUG orca: form4 filing parse error: 'datetime.date' object has no attribute 'date'
2026-04-20 03:48:53,736 DEBUG orca: form4 filing parse error: 'datetime.date' object has no attribute 'date'
2026-04-20 03:48:53,737 DEBUG orca: form4 filing parse error: 'datetime.date' object has no attribute 'date'
2026-04-20 03:48:53,737 DEBUG orca: form4 filing parse error: 'datetime.date' object has no attribute 'date'
2026-04-20 03:48:53,737 DEBUG orca: form4 filing parse error: 'datetime.date' object has no attribute 'date'
2026-04-20 03:48:53,737 DEBUG orca: form4 filing parse error: 'datetime.date' object has no attribute 'date'
2026-04-20 03:48:53,737 DEBUG orca: form4 filing parse error: 'datetime.date' object has no attribute 'date'
2026-04-20 03:48:53,737 DEBUG orca: form4 filing parse error: 'datetime.date' object has no attribute 'date'
2026-04-20 03:48:53,737 DEBUG orca: form4 filing parse error: 'datetime.date' object has no attribute 'date'
2026-04-20 03:48:53,737 DEBUG orca: form4 filing parse error: 'datetime.date' object has no attribute 'date'
2026-04-20 03:48:53,737 DEBUG orca: form4 filing parse error: 'datetime.date' object has no attribute 'date'
2026-04-20 03:48:53,737 DEBUG orca: form4 filing parse error: 'datetime.date' object has no attribute 'date'
2026-04-20 03:48:53,737 DEBUG orca: form4 filing parse error: 'datetime.date' object has no attribute 'date'
2026-04-20 03:48:53,737 DEBUG orca: form4 filing parse error: 'datetime.date' object has no attribute 'date'
2026-04-20 03:48:53,737 DEBUG orca: form4 filing parse error: 'datetime.date' object has no attribute 'date'
2026-04-20 03:48:53,737 DEBUG orca: form4 filing parse error: 'datetime.date' object has no attribute 'date'
2026-04-20 03:48:53,737 DEBUG orca: form4 filing parse error: 'datetime.date' object has no attribute 'date'
2026-04-20 03:48:53,737 DEBUG orca: form4 filing parse error: 'datetime.date' object has no attribute 'date'
2026-04-20 03:48:53,737 DEBUG orca: form4 filing parse error: 'datetime.date' object has no attribute 'date'
2026-04-20 03:48:53,737 DEBUG orca: form4 filing parse error: 'datetime.date' object has no attribute 'date'
2026-04-20 03:48:53,737 DEBUG orca: form4 filing parse error: 'datetime.date' object has no attribute 'date'
2026-04-20 03:48:53,737 DEBUG orca: form4 filing parse error: 'datetime.date' object has no attribute 'date'
2026-04-20 03:48:53,737 DEBUG orca: form4 filing parse error: 'datetime.date' object has no attribute 'date'
2026-04-20 03:48:53,738 DEBUG orca: form4 filing parse error: 'datetime.date' object has no attribute 'date'
2026-04-20 03:48:53,738 DEBUG orca: form4 filing parse error: 'datetime.date' object has no attribute 'date'
2026-04-20 03:48:53,738 DEBUG orca: form4 filing parse error: 'datetime.date' object has no attribute 'date'
2026-04-20 03:48:53,738 DEBUG orca: form4 filing parse error: 'datetime.date' object has no attribute 'date'
2026-04-20 03:48:53,738 DEBUG orca: form4 filing parse error: 'datetime.date' object has no attribute 'date'
2026-04-20 03:48:53,738 DEBUG orca: form4 filing parse error: 'datetime.date' object has no attribute 'date'
2026-04-20 03:48:53,738 DEBUG orca: form4 filing parse error: 'datetime.date' object has no attribute 'date'
2026-04-20 03:48:53,738 DEBUG orca: form4 filing parse error: 'datetime.date' object has no attribute 'date'
2026-04-20 03:48:54,928 INFO edgar.core: Identity of the Edgar REST client set to [Akshay Narkar akshaynarkar@gmail.com]
2026-04-20 03:48:54,928 WARNING orca: get_peers: no EDGAR companies found for SIC 7372
2026-04-20 03:48:54,952 INFO engine.rule_loader: Loaded 63 rules from rules.yaml
2026-04-20 03:48:54,952 DEBUG yfinance: get_raw_json(): https://query2.finance.yahoo.com/v10/finance/quoteSummary/MSFT
2026-04-20 03:48:54,952 DEBUG yfinance: Entering get()
2026-04-20 03:48:54,952 DEBUG yfinance:  Entering _make_request()
2026-04-20 03:48:54,952 DEBUG yfinance: url=https://query2.finance.yahoo.com/v10/finance/quoteSummary/MSFT
2026-04-20 03:48:54,952 DEBUG yfinance: params={'modules': 'calendarEvents', 'corsDomain': 'finance.yahoo.com', 'formatted': 'false', 'symbol': 'MSFT'}
2026-04-20 03:48:54,952 DEBUG yfinance:   Entering _get_cookie_and_crumb()
2026-04-20 03:48:54,952 DEBUG yfinance: cookie_mode = 'basic'
2026-04-20 03:48:54,952 DEBUG yfinance:    Entering _get_cookie_and_crumb_basic()
2026-04-20 03:48:54,952 DEBUG yfinance:     Entering _get_cookie_basic()
2026-04-20 03:48:54,952 DEBUG yfinance: reusing cookie
2026-04-20 03:48:54,952 DEBUG yfinance:     Exiting _get_cookie_basic()
2026-04-20 03:48:54,952 DEBUG yfinance:     Entering _get_crumb_basic()
2026-04-20 03:48:54,952 DEBUG yfinance: reusing crumb
2026-04-20 03:48:54,952 DEBUG yfinance:     Exiting _get_crumb_basic()
2026-04-20 03:48:54,952 DEBUG yfinance:    Exiting _get_cookie_and_crumb_basic()
2026-04-20 03:48:54,952 DEBUG yfinance:   Exiting _get_cookie_and_crumb()
2026-04-20 03:48:55,101 DEBUG yfinance: response code=200
2026-04-20 03:48:55,102 DEBUG yfinance:  Exiting _make_request()
2026-04-20 03:48:55,102 DEBUG yfinance: Exiting get()
2026-04-20 03:48:55,104 DEBUG orca: evaluate_rule(INS-01): No module named 'asteval'
2026-04-20 03:48:55,104 DEBUG orca: evaluate_rule(INS-02): No module named 'asteval'
2026-04-20 03:48:55,104 DEBUG orca: evaluate_rule(INS-03): No module named 'asteval'
2026-04-20 03:48:55,104 DEBUG orca: evaluate_rule(INS-04): No module named 'asteval'
2026-04-20 03:48:55,105 DEBUG orca: evaluate_rule(INS-05): No module named 'asteval'
2026-04-20 03:48:55,105 DEBUG orca: evaluate_rule(INS-06): No module named 'asteval'
2026-04-20 03:48:55,105 DEBUG orca: evaluate_rule(INS-07): No module named 'asteval'
2026-04-20 03:48:55,105 DEBUG orca: evaluate_rule(INS-08): No module named 'asteval'
2026-04-20 03:48:55,105 DEBUG orca: evaluate_rule(INS-09): No module named 'asteval'
2026-04-20 03:48:55,105 DEBUG orca: evaluate_rule(FIL-01): No module named 'asteval'
2026-04-20 03:48:55,106 DEBUG orca: evaluate_rule(FIL-02): No module named 'asteval'
2026-04-20 03:48:55,106 DEBUG orca: evaluate_rule(FIL-03): No module named 'asteval'
2026-04-20 03:48:55,106 DEBUG orca: evaluate_rule(FIL-04): No module named 'asteval'
2026-04-20 03:48:55,106 DEBUG orca: evaluate_rule(FIL-05): No module named 'asteval'
2026-04-20 03:48:55,106 DEBUG orca: evaluate_rule(FIL-06): No module named 'asteval'
2026-04-20 03:48:55,106 DEBUG orca: evaluate_rule(FIL-07): No module named 'asteval'
2026-04-20 03:48:55,106 DEBUG orca: evaluate_rule(FIL-08): No module named 'asteval'
2026-04-20 03:48:55,107 DEBUG orca: evaluate_rule(FIL-09): No module named 'asteval'
2026-04-20 03:48:55,107 DEBUG orca: evaluate_rule(FIL-10): No module named 'asteval'
2026-04-20 03:48:55,107 DEBUG orca: evaluate_rule(FIL-11): No module named 'asteval'
2026-04-20 03:48:55,107 DEBUG orca: evaluate_rule(FIL-12): No module named 'asteval'
2026-04-20 03:48:55,107 DEBUG orca: evaluate_rule(FIL-13): No module named 'asteval'
2026-04-20 03:48:55,107 DEBUG orca: evaluate_rule(FIL-14): No module named 'asteval'
2026-04-20 03:48:55,108 DEBUG orca: evaluate_rule(FUN-01): No module named 'asteval'
2026-04-20 03:48:55,108 DEBUG orca: evaluate_rule(FUN-02): No module named 'asteval'
2026-04-20 03:48:55,108 DEBUG orca: evaluate_rule(FUN-03): No module named 'asteval'
2026-04-20 03:48:55,108 DEBUG orca: evaluate_rule(FUN-04): No module named 'asteval'
2026-04-20 03:48:55,108 DEBUG orca: evaluate_rule(FUN-05): No module named 'asteval'
2026-04-20 03:48:55,108 DEBUG orca: evaluate_rule(FUN-06): No module named 'asteval'
2026-04-20 03:48:55,109 DEBUG orca: evaluate_rule(FUN-07): No module named 'asteval'
2026-04-20 03:48:55,109 DEBUG orca: evaluate_rule(FUN-08): No module named 'asteval'
2026-04-20 03:48:55,109 DEBUG orca: evaluate_rule(FUN-09): No module named 'asteval'
2026-04-20 03:48:55,109 DEBUG orca: evaluate_rule(FUN-10): No module named 'asteval'
2026-04-20 03:48:55,109 DEBUG orca: evaluate_rule(FUN-11): No module named 'asteval'
2026-04-20 03:48:55,109 DEBUG orca: evaluate_rule(FUN-12): No module named 'asteval'
2026-04-20 03:48:55,110 DEBUG orca: evaluate_rule(PRC-01): No module named 'asteval'
2026-04-20 03:48:55,110 DEBUG orca: evaluate_rule(PRC-02): No module named 'asteval'
2026-04-20 03:48:55,110 DEBUG orca: evaluate_rule(PRC-03): No module named 'asteval'
2026-04-20 03:48:55,110 DEBUG orca: evaluate_rule(PRC-04): No module named 'asteval'
2026-04-20 03:48:55,110 DEBUG orca: evaluate_rule(PRC-05): No module named 'asteval'
2026-04-20 03:48:55,110 DEBUG orca: evaluate_rule(PRC-06): No module named 'asteval'
2026-04-20 03:48:55,110 DEBUG orca: evaluate_rule(PRC-07): No module named 'asteval'
2026-04-20 03:48:55,111 DEBUG orca: evaluate_rule(PRC-08): No module named 'asteval'
2026-04-20 03:48:55,111 DEBUG orca: evaluate_rule(PRC-09): No module named 'asteval'
2026-04-20 03:48:55,111 DEBUG orca: evaluate_rule(MAC-01): No module named 'asteval'
2026-04-20 03:48:55,111 DEBUG orca: evaluate_rule(MAC-02): No module named 'asteval'
2026-04-20 03:48:55,111 DEBUG orca: evaluate_rule(MAC-03): No module named 'asteval'
2026-04-20 03:48:55,111 DEBUG orca: evaluate_rule(MAC-04): No module named 'asteval'
2026-04-20 03:48:55,112 DEBUG orca: evaluate_rule(MAC-05): No module named 'asteval'
2026-04-20 03:48:55,112 DEBUG orca: evaluate_rule(MAC-06): No module named 'asteval'
2026-04-20 03:48:55,112 DEBUG orca: evaluate_rule(MAC-07): No module named 'asteval'
2026-04-20 03:48:55,112 DEBUG orca: evaluate_rule(MAC-08): No module named 'asteval'
2026-04-20 03:48:55,112 DEBUG orca: evaluate_rule(MAC-09): No module named 'asteval'
2026-04-20 03:48:55,112 DEBUG orca: evaluate_rule(MAC-10): No module named 'asteval'
2026-04-20 03:48:55,113 DEBUG orca: _evaluate_cmp_rule(CMP-01): No module named 'asteval'
2026-04-20 03:48:55,113 DEBUG orca: _evaluate_cmp_rule(CMP-02): No module named 'asteval'
2026-04-20 03:48:55,113 DEBUG orca: _evaluate_cmp_rule(CMP-03): No module named 'asteval'
2026-04-20 03:48:55,113 DEBUG orca: _evaluate_cmp_rule(CMP-04): No module named 'asteval'
2026-04-20 03:48:55,113 DEBUG orca: _evaluate_cmp_rule(CMP-05): No module named 'asteval'
2026-04-20 03:48:55,113 DEBUG orca: _evaluate_cmp_rule(CMP-06): No module named 'asteval'
2026-04-20 03:48:55,113 DEBUG orca: _evaluate_cmp_rule(CMP-07): No module named 'asteval'
2026-04-20 03:48:55,114 DEBUG orca: _evaluate_cmp_rule(CMP-08): No module named 'asteval'
2026-04-20 03:48:55,114 DEBUG orca: _evaluate_cmp_rule(CMP-09): No module named 'asteval'
